band,dim_type,dim_value,imp,clk,cost,rank_sum,n_groups,ctr_pct,cpc
band1,h,00,51590,554,722899,246068,70,1.0739,1304.9
band1,h,01,35189,308,401677,179404,70,0.8753,1304.1
band1,h,02,28459,189,241039,144628,70,0.6641,1275.3
band1,h,03,20654,109,153283,94891,70,0.5277,1406.3
band1,h,04,19606,78,104934,90361,70,0.3978,1345.3
band1,h,05,22644,107,142573,109565,70,0.4725,1332.5
band1,h,06,29827,222,287633,137418,70,0.7443,1295.6
band1,h,07,38895,436,604218,176325,70,1.121,1385.8
band1,h,08,50703,596,824723,223847,71,1.1755,1383.8
band1,h,09,53817,699,976694,239763,71,1.2988,1397.3
band1,h,10,58960,861,1223155,269779,71,1.4603,1420.6
band1,h,11,63336,842,1146188,290429,71,1.3294,1361.3
band1,h,12,58893,767,1085176,272963,71,1.3024,1414.8
band1,h,13,59538,857,1176503,264195,71,1.4394,1372.8
band1,h,14,61524,886,1238811,276406,71,1.4401,1398.2
band1,h,15,62683,882,1220810,282753,71,1.4071,1384.1
band1,h,16,63336,920,1291599,285997,71,1.4526,1403.9
band1,h,17,61568,864,1208567,279013,70,1.4033,1398.8
band1,h,18,56442,752,1023756,252833,70,1.3323,1361.4
band1,h,19,58239,798,1089308,258996,70,1.3702,1365.0
band1,h,20,64674,935,1307277,292043,70,1.4457,1398.2
band1,h,21,69495,1030,1428443,316935,70,1.4821,1386.8
band1,h,22,69987,905,1232783,326715,70,1.2931,1362.2
band1,h,23,68363,797,1066562,327795,70,1.1658,1338.2
band1,m,11068,64645,494,693876,321617,71,0.7642,1404.6
band1,m,118495,2,0,0,4,1,0.0,
band1,m,122876,13571,18,8556,97656,21,0.1326,475.3
band1,m,27758,60596,1643,2328154,103444,69,2.7114,1417.0
band1,m,33421,378212,1135,1587382,1997136,71,0.3001,1398.6
band1,m,335738,2921,3,4451,17882,35,0.1027,1483.7
band1,m,341893,93318,635,702143,551838,71,0.6805,1105.7
band1,m,341898,26560,113,164216,45043,68,0.4255,1453.2
band1,m,370822,6000,37,51416,13937,68,0.6167,1389.6
band1,m,424040,23208,80,39509,125408,21,0.3447,493.9
band1,m,556927,524,0,0,533,38,0.0,
band1,m,612593,4263,26,22987,41140,26,0.6099,884.1
band1,m,612594,6464,79,75796,25859,26,1.2222,959.4
band1,m,684924,36935,135,185075,36935,68,0.3655,1370.9
band1,m,684925,13606,78,103790,13606,64,0.5733,1330.6
band1,m,684926,136252,2040,2761089,847540,71,1.4972,1353.5
band1,m,684927,36595,315,385792,418673,71,0.8608,1224.7
band1,m,684931,1,0,0,2,1,0.0,
band1,m,787478,9,0,0,12,4,0.0,
band1,m,787479,5,0,0,16,4,0.0,
band1,m,787480,25,0,0,401,14,0.0,
band1,m,787481,15,0,0,20,6,0.0,
band1,m,805759,533,1,1448,5837,48,0.1876,1448.0
band1,m,805760,436,4,5148,1692,41,0.9174,1287.0
band1,m,8753,323726,8558,12077783,972891,70,2.6436,1411.3
band1,r,-1,19,0,0,115,12,0.0,
band1,r,00,18368,95,132828,97032,70,0.5172,1398.2
band1,r,01,29057,545,758154,129277,71,1.8756,1391.1
band1,r,02,270755,3789,5272313,1227592,71,1.3994,1391.5
band1,r,03,53151,887,1233057,239677,71,1.6688,1390.1
band1,r,04,41025,691,966203,191216,71,1.6843,1398.3
band1,r,05,13484,213,279102,62697,70,1.5796,1310.3
band1,r,06,40690,559,741359,187258,71,1.3738,1326.2
band1,r,07,25808,410,561684,121315,71,1.5887,1370.0
band1,r,08,50678,723,966011,235843,71,1.4267,1336.1
band1,r,09,362043,3002,4118179,1610489,71,0.8292,1371.8
band1,r,10,18768,305,434419,83811,70,1.6251,1424.3
band1,r,11,60751,711,969275,267783,71,1.1704,1363.3
band1,r,12,20988,300,404699,82422,70,1.4294,1349.0
band1,r,13,28156,491,662928,130710,70,1.7439,1350.2
band1,r,14,7513,75,102024,35998,68,0.9983,1360.3
band1,r,15,44373,708,978350,201144,71,1.5956,1381.9
band1,r,16,27583,488,667885,126249,71,1.7692,1368.6
band1,r,17,8521,145,190084,38585,70,1.7017,1310.9
band1,r,18,26026,354,510549,118544,69,1.3602,1442.2
band1,r,99,80665,903,1249508,451365,71,1.1194,1383.7
band2,h,00,25265,230,336225,120073,39,0.9104,1461.8
band2,h,01,17678,139,190059,81507,39,0.7863,1367.3
band2,h,02,14077,60,87887,67513,39,0.4262,1464.8
band2,h,03,10312,46,70992,53392,39,0.4461,1543.3
band2,h,04,9479,26,37823,48534,39,0.2743,1454.7
band2,h,05,10788,39,57555,56004,39,0.3615,1475.8
band2,h,06,13643,82,119739,70606,39,0.601,1460.2
band2,h,07,17169,155,228393,87609,39,0.9028,1473.5
band2,h,08,22029,218,318306,109886,39,0.9896,1460.1
band2,h,09,22975,227,348220,114263,39,0.988,1534.0
band2,h,10,25006,260,405087,123824,40,1.0398,1558.0
band2,h,11,26714,280,414045,138258,40,1.0481,1478.7
band2,h,12,26366,242,361554,137845,40,0.9178,1494.0
band2,h,13,24393,290,435503,124046,40,1.1889,1501.7
band2,h,14,25417,329,522679,129786,40,1.2944,1588.7
band2,h,15,25572,269,412458,131592,40,1.0519,1533.3
band2,h,16,26646,279,419926,135148,40,1.0471,1505.1
band2,h,17,24961,288,416615,125767,39,1.1538,1446.6
band2,h,18,24238,265,397645,122488,39,1.0933,1500.5
band2,h,19,24463,258,372165,123888,39,1.0547,1442.5
band2,h,20,26411,291,436626,133480,39,1.1018,1500.4
band2,h,21,29140,323,468772,150470,39,1.1084,1451.3
band2,h,22,30611,310,464068,161973,39,1.0127,1497.0
band2,h,23,31530,266,376358,169521,39,0.8436,1414.9
band2,m,11068,32366,164,234997,197838,40,0.5067,1432.9
band2,m,122876,404,0,0,1008,8,0.0,
band2,m,27758,21559,532,760794,37140,37,2.4676,1430.1
band2,m,33421,216514,484,729300,1197647,40,0.2235,1506.8
band2,m,335738,1066,0,0,4988,14,0.0,
band2,m,341893,41328,257,326208,261302,40,0.6219,1269.3
band2,m,341898,11795,51,70111,21240,39,0.4324,1374.7
band2,m,370822,2790,23,29344,6862,38,0.8244,1275.8
band2,m,424040,447,1,443,1080,8,0.2237,443.0
band2,m,556927,222,0,0,226,27,0.0,
band2,m,612593,411,3,3038,4239,6,0.7299,1012.7
band2,m,612594,385,9,12193,1443,6,2.3377,1354.8
band2,m,684924,11818,44,66387,11818,39,0.3723,1508.8
band2,m,684925,5231,22,36338,5231,34,0.4206,1651.7
band2,m,684926,57792,736,1126488,383006,40,1.2735,1530.6
band2,m,684927,15440,113,159651,172164,40,0.7319,1412.8
band2,m,787479,3,0,0,13,1,0.0,
band2,m,787480,10,0,0,174,8,0.0,
band2,m,787481,4,0,0,7,2,0.0,
band2,m,805759,220,0,0,2516,30,0.0,
band2,m,805760,180,0,0,792,27,0.0,
band2,m,8753,114898,2733,4143408,406739,40,2.3786,1516.1
band2,r,-1,13,0,0,74,9,0.0,
band2,r,00,9067,20,27940,56925,39,0.2206,1397.0
band2,r,01,11458,190,280674,59890,40,1.6582,1477.2
band2,r,02,113115,1280,1897866,591095,40,1.1316,1482.7
band2,r,03,20913,295,431548,109913,40,1.4106,1462.9
band2,r,04,17430,227,337485,94342,40,1.3024,1486.7
band2,r,05,5384,74,96984,32234,38,1.3744,1310.6
band2,r,06,17278,221,327670,93339,40,1.2791,1482.7
band2,r,07,10717,133,202015,56455,40,1.241,1518.9
band2,r,08,20727,242,361300,108822,40,1.1676,1493.0
band2,r,09,168588,1067,1614811,767037,40,0.6329,1513.4
band2,r,10,7532,85,126917,39678,39,1.1285,1493.1
band2,r,11,24622,225,335592,125099,40,0.9138,1491.5
band2,r,12,11267,97,132040,69679,39,0.8609,1361.2
band2,r,13,11575,150,218128,61528,40,1.2959,1454.2
band2,r,14,2818,26,39159,15954,39,0.9226,1506.1
band2,r,15,17846,227,331690,91562,39,1.272,1461.2
band2,r,16,10875,142,212797,60291,39,1.3057,1498.6
band2,r,17,3174,35,53411,16992,40,1.1027,1526.0
band2,r,18,11076,140,218781,56430,38,1.264,1562.7
band2,r,99,39408,296,451892,210134,40,0.7511,1526.7
band3,h,00,76637,590,727765,396359,162,0.7699,1233.5
band3,h,01,53167,351,441445,269543,163,0.6602,1257.7
band3,h,02,42798,201,253554,223601,162,0.4696,1261.5
band3,h,03,28775,129,159375,152713,160,0.4483,1235.5
band3,h,04,25288,81,105851,128217,162,0.3203,1306.8
band3,h,05,26994,118,153519,148383,161,0.4371,1301.0
band3,h,06,35227,194,265673,184025,163,0.5507,1369.4
band3,h,07,45087,339,445276,232426,163,0.7519,1313.5
band3,h,08,57508,526,704207,298193,163,0.9147,1338.8
band3,h,09,62178,533,718101,314142,162,0.8572,1347.3
band3,h,10,69712,596,798107,360679,163,0.8549,1339.1
band3,h,11,79002,716,947366,402787,163,0.9063,1323.1
band3,h,12,76771,682,916248,383831,163,0.8884,1343.5
band3,h,13,72714,818,1082999,363633,162,1.125,1324.0
band3,h,14,71395,846,1113771,362352,163,1.185,1316.5
band3,h,15,75897,768,1010080,375072,163,1.0119,1315.2
band3,h,16,79730,849,1081811,383921,163,1.0648,1274.2
band3,h,17,80543,748,961589,385266,162,0.9287,1285.5
band3,h,18,74998,731,950203,360058,162,0.9747,1299.9
band3,h,19,78391,768,978374,377026,163,0.9797,1273.9
band3,h,20,88136,868,1123762,428828,163,0.9848,1294.7
band3,h,21,91277,909,1165946,455301,163,0.9959,1282.7
band3,h,22,94156,882,1105672,485921,163,0.9367,1253.6
band3,h,23,90657,732,889716,470015,163,0.8074,1215.5
band3,m,11068,72080,411,538275,456961,160,0.5702,1309.7
band3,m,118495,1,1,805,1,1,100.0,805.0
band3,m,122876,5639,30,16906,20130,41,0.532,563.5
band3,m,137281,173,0,0,234,1,0.0,
band3,m,172112,4,0,0,4,1,0.0,
band3,m,23123,11,0,0,37,1,0.0,
band3,m,248824,3,0,0,3,1,0.0,
band3,m,27758,67478,1659,2280222,115740,157,2.4586,1374.5
band3,m,291244,15,0,0,43,1,0.0,
band3,m,33421,499598,1133,1485358,2826569,162,0.2268,1311.0
band3,m,335738,1927,2,1225,11000,39,0.1038,612.5
band3,m,341893,141436,1002,940419,788772,162,0.7084,938.5
band3,m,341898,36123,147,160092,62586,158,0.4069,1089.1
band3,m,370822,8621,63,65508,20096,155,0.7308,1039.8
band3,m,424040,13486,218,88895,37869,46,1.6165,407.8
band3,m,529514,1876,0,0,2011,1,0.0,
band3,m,556927,645,0,0,649,88,0.0,
band3,m,612593,2285,5,6521,22854,18,0.2188,1304.2
band3,m,612594,3000,9,12644,15522,18,0.3,1404.9
band3,m,684924,85797,186,227231,85797,154,0.2168,1221.7
band3,m,684925,23761,112,135664,23761,143,0.4714,1211.3
band3,m,684926,178754,1820,2324376,1321367,162,1.0182,1277.1
band3,m,684927,51295,320,387007,699230,162,0.6238,1209.4
band3,m,684930,54,0,0,87,2,0.0,
band3,m,684931,45,0,0,73,4,0.0,
band3,m,787478,12,0,0,21,8,0.0,
band3,m,787479,114,0,0,1115,40,0.0,
band3,m,787480,38,0,0,748,31,0.0,
band3,m,787481,46,0,0,63,18,0.0,
band3,m,791888,15,0,0,23,1,0.0,
band3,m,791889,4,0,0,16,1,0.0,
band3,m,798056,4,0,0,4,1,0.0,
band3,m,805759,444,0,0,4818,67,0.0,
band3,m,805760,594,3,5461,2675,65,0.5051,1820.3
band3,m,8753,381532,6853,9422755,1421127,162,1.7962,1375.0
band3,m,87620,24,1,1046,88,1,4.1667,1046.0
band3,m,98128,104,0,0,198,1,0.0,
band3,r,-1,17,0,0,69,13,0.0,
band3,r,00,12287,70,92665,86708,159,0.5697,1323.8
band3,r,01,35699,474,638400,181048,162,1.3278,1346.8
band3,r,02,335012,3489,4483929,1735803,163,1.0415,1285.2
band3,r,03,64263,798,1034811,322807,162,1.2418,1296.8
band3,r,04,51248,567,762733,269078,163,1.1064,1345.2
band3,r,05,20105,166,199853,110169,155,0.8257,1203.9
band3,r,06,50307,487,641803,255463,162,0.9681,1317.9
band3,r,07,32379,308,415434,167260,162,0.9512,1348.8
band3,r,08,65128,660,844907,327694,162,1.0134,1280.2
band3,r,09,527752,2952,3788958,2466838,163,0.5594,1283.5
band3,r,10,23939,255,335666,117681,161,1.0652,1316.3
band3,r,11,71321,680,864063,353214,163,0.9534,1270.7
band3,r,12,24171,177,218549,141351,154,0.7323,1234.7
band3,r,13,33822,366,471121,175168,162,1.0821,1287.2
band3,r,14,9599,78,99148,48426,161,0.8126,1271.1
band3,r,15,51521,648,854027,263281,163,1.2577,1317.9
band3,r,16,33785,418,544165,174906,162,1.2372,1301.8
band3,r,17,9563,132,176425,49881,162,1.3803,1336.6
band3,r,18,24851,431,572725,119263,105,1.7343,1328.8
band3,r,99,100269,819,1061028,576184,162,0.8168,1295.5
band4_unjudgeable,h,00,6373,18,15688,39216,29,0.2824,871.6
band4_unjudgeable,h,01,3923,15,12363,23324,28,0.3824,824.2
band4_unjudgeable,h,02,2190,7,4168,13223,28,0.3196,595.4
band4_unjudgeable,h,03,1650,1,820,9889,28,0.0606,820.0
band4_unjudgeable,h,04,1457,1,380,8772,28,0.0686,380.0
band4_unjudgeable,h,05,1521,3,2022,8815,30,0.1972,674.0
band4_unjudgeable,h,06,2170,6,4758,13091,29,0.2765,793.0
band4_unjudgeable,h,07,2652,5,3575,16330,29,0.1885,715.0
band4_unjudgeable,h,08,3228,9,7275,19786,28,0.2788,808.3
band4_unjudgeable,h,09,3330,9,8860,19541,29,0.2703,984.4
band4_unjudgeable,h,10,3588,11,8646,23103,30,0.3066,786.0
band4_unjudgeable,h,11,4103,12,6162,26895,29,0.2925,513.5
band4_unjudgeable,h,12,3701,10,6898,22803,29,0.2702,689.8
band4_unjudgeable,h,13,3884,13,11108,23632,29,0.3347,854.5
band4_unjudgeable,h,14,3835,15,11446,24302,28,0.3911,763.1
band4_unjudgeable,h,15,4340,9,6868,26149,29,0.2074,763.1
band4_unjudgeable,h,16,4476,15,11208,26339,29,0.3351,747.2
band4_unjudgeable,h,17,4475,12,9596,29683,29,0.2682,799.7
band4_unjudgeable,h,18,4515,14,11729,29057,29,0.3101,837.8
band4_unjudgeable,h,19,5052,24,21155,30827,29,0.4751,881.5
band4_unjudgeable,h,20,6076,20,13212,35582,29,0.3292,660.6
band4_unjudgeable,h,21,6429,18,16475,39973,29,0.28,915.3
band4_unjudgeable,h,22,7534,21,16321,47084,30,0.2787,777.2
band4_unjudgeable,h,23,7202,18,14178,45225,29,0.2499,787.7
band4_unjudgeable,m,11068,3160,5,4945,26602,28,0.1582,989.0
band4_unjudgeable,m,118495,2,0,0,2,1,0.0,
band4_unjudgeable,m,122876,229,3,1020,272,2,1.31,340.0
band4_unjudgeable,m,137281,172,1,672,292,3,0.5814,672.0
band4_unjudgeable,m,172112,8,0,0,20,2,0.0,
band4_unjudgeable,m,23123,18,0,0,74,3,0.0,
band4_unjudgeable,m,248824,6,0,0,17,2,0.0,
band4_unjudgeable,m,27758,1232,13,12242,2414,24,1.0552,941.7
band4_unjudgeable,m,291244,23,0,0,66,3,0.0,
band4_unjudgeable,m,33421,39319,39,39276,268449,28,0.0992,1007.1
band4_unjudgeable,m,335738,3,0,0,15,1,0.0,
band4_unjudgeable,m,341893,8446,32,23544,36644,26,0.3789,735.8
band4_unjudgeable,m,341898,2930,4,2857,4521,22,0.1365,714.2
band4_unjudgeable,m,370822,400,3,2636,831,21,0.75,878.7
band4_unjudgeable,m,424040,2132,49,11430,2408,4,2.2983,233.3
band4_unjudgeable,m,529514,4407,0,0,33140,3,0.0,
band4_unjudgeable,m,556927,43,0,0,43,10,0.0,
band4_unjudgeable,m,612593,29,0,0,288,6,0.0,
band4_unjudgeable,m,612594,18,0,0,79,5,0.0,
band4_unjudgeable,m,684924,1136,3,2948,1136,23,0.2641,982.7
band4_unjudgeable,m,684925,704,2,2390,704,19,0.2841,1195.0
band4_unjudgeable,m,684926,12291,39,32933,94885,28,0.3173,844.4
band4_unjudgeable,m,684927,2597,6,5321,27410,28,0.231,886.8
band4_unjudgeable,m,787478,2,0,0,4,2,0.0,
band4_unjudgeable,m,787479,25,0,0,194,8,0.0,
band4_unjudgeable,m,787481,2,0,0,3,1,0.0,
band4_unjudgeable,m,791888,18,1,493,46,3,5.5556,493.0
band4_unjudgeable,m,791889,4,0,0,17,2,0.0,
band4_unjudgeable,m,798056,4,0,0,10,2,0.0,
band4_unjudgeable,m,805759,6,0,0,61,5,0.0,
band4_unjudgeable,m,805760,5,0,0,31,4,0.0,
band4_unjudgeable,m,8753,17983,85,82149,101130,30,0.4727,966.5
band4_unjudgeable,m,87620,33,1,55,127,3,3.0303,55.0
band4_unjudgeable,m,98128,317,0,0,706,3,0.0,
band4_unjudgeable,r,00,656,4,1783,4068,27,0.6098,445.8
band4_unjudgeable,r,01,2151,7,5829,13489,29,0.3254,832.7
band4_unjudgeable,r,02,21781,86,67933,139102,29,0.3948,789.9
band4_unjudgeable,r,03,3557,10,8296,22558,29,0.2811,829.6
band4_unjudgeable,r,04,3001,13,11570,18280,29,0.4332,890.0
band4_unjudgeable,r,05,1863,4,2210,11961,27,0.2147,552.5
band4_unjudgeable,r,06,3135,5,3837,19066,29,0.1595,767.4
band4_unjudgeable,r,07,2142,6,5057,13443,29,0.2801,842.8
band4_unjudgeable,r,08,3979,18,12252,25615,29,0.4524,680.7
band4_unjudgeable,r,09,33273,57,45191,192068,29,0.1713,792.8
band4_unjudgeable,r,10,1378,7,6152,8423,30,0.508,878.9
band4_unjudgeable,r,11,4668,17,12865,30986,29,0.3642,756.8
band4_unjudgeable,r,12,2064,8,6550,12707,26,0.3876,818.8
band4_unjudgeable,r,13,2067,4,2619,13899,30,0.1935,654.8
band4_unjudgeable,r,14,558,4,2402,3162,25,0.7168,600.5
band4_unjudgeable,r,15,3378,7,5814,22292,29,0.2072,830.6
band4_unjudgeable,r,16,2056,12,10061,13263,28,0.5837,838.4
band4_unjudgeable,r,17,691,1,380,4409,28,0.1447,380.0
band4_unjudgeable,r,18,238,1,1156,1917,14,0.4202,1156.0
band4_unjudgeable,r,99,5068,15,12954,31933,28,0.296,863.6
excluded_cost0,h,00,1,0,0,2,1,0.0,
excluded_cost0,h,01,2,0,0,16,1,0.0,
excluded_cost0,h,02,2,0,0,10,1,0.0,
excluded_cost0,h,06,1,0,0,4,1,0.0,
excluded_cost0,h,08,1,0,0,4,1,0.0,
excluded_cost0,h,10,4,0,0,27,3,0.0,
excluded_cost0,h,11,2,0,0,13,2,0.0,
excluded_cost0,h,12,1,0,0,3,1,0.0,
excluded_cost0,h,13,2,0,0,2,1,0.0,
excluded_cost0,h,14,1,0,0,17,1,0.0,
excluded_cost0,h,15,2,0,0,16,1,0.0,
excluded_cost0,h,16,3,0,0,18,1,0.0,
excluded_cost0,h,17,1,0,0,2,1,0.0,
excluded_cost0,m,27758,1,0,0,1,1,0.0,
excluded_cost0,m,33421,3,0,0,5,1,0.0,
excluded_cost0,m,341893,11,0,0,73,1,0.0,
excluded_cost0,m,612593,2,0,0,38,1,0.0,
excluded_cost0,m,684925,1,0,0,1,1,0.0,
excluded_cost0,m,8753,5,0,0,16,2,0.0,
excluded_cost0,r,02,5,0,0,19,2,0.0,
excluded_cost0,r,03,1,0,0,8,1,0.0,
excluded_cost0,r,05,1,0,0,8,1,0.0,
excluded_cost0,r,06,1,0,0,12,1,0.0,
excluded_cost0,r,08,1,0,0,1,1,0.0,
excluded_cost0,r,09,6,0,0,33,2,0.0,
excluded_cost0,r,11,1,0,0,14,1,0.0,
excluded_cost0,r,12,2,0,0,4,1,0.0,
excluded_cost0,r,13,1,0,0,8,1,0.0,
excluded_cost0,r,15,2,0,0,23,2,0.0,
excluded_cost0,r,16,2,0,0,4,1,0.0,
