발주일,발주번호,물류센터,상품번호,상품명,발송수량,쿠팡정산수량,미정산수량,매입단가,미정산금액,쿠팡정산금액,계산서번호,지급일,정산상태,쉽먼트번호,송장번호,집하,센터도착,하차,증거등급,쿠팡정산수량_재판정,미정산금액_재판정,연령기준일,연령기준일출처,경과일수,연령버킷
2025-08-29,112067182,이천4,53305588,"[20매]오하이 버디필름 장타 비거리스티커 드라이버 우드 헤드 보호 슬라이스방지 골프필름, 드라이버용, 1세트, 드라이버용 20매 95*48mm 단일색상",54,0,54,14000,756000,0,,,계산서 미발행(전량 미정산),38926970,460218155353,2025-09-01 19:28,2025-09-04 12:24,2025-09-02 14:12,집하+도착+하차,0,756000,2025-09-02,①하차일(제3자),338,181~365일
2026-06-04,133347525,전라광주2,62178970,오하이 풀커버 강화유리 휴대폰 액정보호필름 2p + EZ 툴 세트 아이폰17프로 1세트,45,0,45,10740,483300,0,,,정산명세에 없음(전량 미정산),47281799,462550099594;462550102313,2026-06-08 19:03,2026-06-09 08:35,2026-06-10 10:16,집하+도착+하차,0,483300,2026-06-10,①하차일(제3자),57,31~60일
2025-09-22,113919755,인천32,50342949,"오하이 풀커버 강화유리 액정보호필름2개 + EZ툴 제공, 아이폰16프로",138,100,38,10740,408120,1074000,27302148,2025-12-02,정산됨(일부),39836141,460489345514;460489345525;460489345536;460489345540;460489345551,2025-09-30 18:56,2025-10-02 12:36,2025-10-03 18:33,집하+도착+하차,100,408120,2025-10-03,①하차일(제3자),307,181~365일
2025-10-10,114991787,고양1,41555857,"오하이 EZ툴 풀커버 사생활보호 프라이버시 강화유리 휴대폰 액정보호필름 2매, 아이폰 15 프로, 1세트",29,0,29,11940,346260,0,,,정산명세에 없음(전량 미정산),40025947,460553718166,2025-10-13 19:35,2025-10-15 15:51,2025-10-15 11:14,집하+도착+하차,0,346260,2025-10-15,①하차일(제3자),295,181~365일
2026-03-27,127709958,안산3,62178971,오하이 풀커버 강화유리 휴대폰 액정보호필름 2p + EZ 툴 세트 아이폰17 1세트,32,0,32,10740,343680,0,,,정산명세에 없음(전량 미정산),45021291,461993763965,2026-03-30 18:42,2026-03-31 11:54,2026-03-31 18:52,집하+도착+하차,0,343680,2026-03-31,①하차일(제3자),128,91~180일
2025-12-25,120915968,창원4,39017749,"오하이 풀커버 강화유리 액정보호필름 + 이지솔루션 제공, 2개, 아이폰15프로",36,17,19,10740,204060,182580,28283897,2026-02-27,정산됨(일부),42447750,461227900335,2025-12-30 18:09,2025-12-31 10:36,2025-12-31 14:03,집하+도착+하차,17,204060,2025-12-31,①하차일(제3자),218,181~365일
2025-08-25,111682239,서울,41555857,"오하이 EZ툴 풀커버 사생활보호 프라이버시 강화유리 휴대폰 액정보호필름 2매, 아이폰 15 프로, 1세트",15,1,14,11940,167160,11940,26863071,2025-10-31,정산됨(일부),38948976,460223542100;460223542111;460223542122;460223542133;460223542144,2025-09-02 18:25,2025-09-03 10:51,2025-09-03 10:02,집하+도착+하차,1,167160,2025-09-03,①하차일(제3자),337,181~365일
2025-12-05,119441784,안산3,48472778,"오하이 풀커버 강화유리 액정보호필름2개 + EZ툴 제공, 갤럭시S24 울트라",15,0,15,10740,161100,0,,,정산명세에 없음(전량 미정산),41766179,461028226050;461028226061;461028226072;461028226083;461028226094,2025-12-05 18:29,2025-12-10 11:43,2025-12-15 08:36,집하+도착+하차,0,161100,2025-12-15,①하차일(제3자),234,181~365일
2026-06-01,133036256,이천4,62178970,오하이 풀커버 강화유리 휴대폰 액정보호필름 2p + EZ 툴 세트 아이폰17프로 1세트,15,0,15,10740,161100,0,,,계산서 미발행(전량 미정산),47283633,462551161435,2026-06-08 19:04,2026-06-09 12:18,,집하+도착,0,161100,2026-06-09,②센터도착일(제3자),58,31~60일
2026-03-19,127025060,서울,50342949,"오하이 풀커버 강화유리 액정보호필름2개 + EZ툴 제공, 아이폰16프로",14,0,14,10740,150360,0,,,계산서 미발행(전량 미정산),44806906,461935367832,2026-03-23 18:53,2026-03-24 11:40,2026-03-24 09:31,집하+도착+하차,0,150360,2026-03-24,①하차일(제3자),135,91~180일
2026-03-25,127563338,이천4,39017749,"오하이 풀커버 강화유리 액정보호필름 + 이지솔루션 제공, 2개, 아이폰15프로",13,0,13,10740,139620,0,,,계산서 미발행(전량 미정산),44984115,461977832072,2026-03-27 19:05,2026-03-28 08:35,,집하+도착,0,139620,2026-03-28,②센터도착일(제3자),131,91~180일
2026-06-26,135233887,경기광주3,41555857,"오하이 EZ툴 풀커버 사생활보호 프라이버시 강화유리 휴대폰 액정보호필름 2매, 아이폰 15 프로, 1세트",11,0,11,11940,131340,0,,,정산명세에 없음(전량 미정산),47994335,462721350140,2026-06-30 18:42,2026-07-01 08:49,2026-07-01 11:16,집하+도착+하차,0,131340,2026-07-01,①하차일(제3자),36,31~60일
2025-09-15,113349931,경기광주3,39017751,"오하이 풀커버 강화유리 액정보호필름 + 이지솔루션 제공, 2개, 아이폰15플러스",12,0,12,10740,128880,0,,,정산명세에 없음(전량 미정산),39552632,460380800165;460380802372,2025-09-19 18:09,2025-09-24 11:30,2025-09-24 12:03,집하+도착+하차,0,128880,2025-09-24,①하차일(제3자),316,181~365일
2025-09-05,112588227,양산1,41555886,"오하이 EZ툴 풀커버 사생활보호 프라이버시 강화유리 휴대폰 액정보호필름 2매, 아이폰 15 프로맥스, 1세트",10,0,10,11940,119400,0,,,정산명세에 없음(전량 미정산),39101790,460255397873,2025-09-08 20:02,2025-09-09 09:10,2025-09-11 00:55,집하+도착+하차,0,119400,2025-09-11,①하차일(제3자),329,181~365일
2025-10-10,114898481,경기광주3,41555857,"오하이 EZ툴 풀커버 사생활보호 프라이버시 강화유리 휴대폰 액정보호필름 2매, 아이폰 15 프로, 1세트",59,50,9,11940,107460,597000,27354329,2025-12-12,정산됨(일부),40028672,460554719855;460554733564,2025-10-13 19:44,2025-10-15 11:18,2025-10-15 14:25,집하+도착+하차,50,107460,2025-10-15,①하차일(제3자),295,181~365일
2025-09-12,113200617,인천32,55701817,"오하이 풀커버 강화유리 액정보호필름 + 이지솔루션 제공, 2매1세트, 갤럭시S25 울트라",25,15,10,10740,107400,161100,27045947,2025-11-14,정산됨(일부),39373869,460329038805;460329038816;460329038820;460329038831;460329038842;460329038853;460329038864;460329038875;460329038886,2025-09-15 19:23,2025-09-18 11:34,2025-09-18 17:36,집하+도착+하차,15,107400,2025-09-18,①하차일(제3자),322,181~365일
2025-09-11,113127142,창원3,50342949,"오하이 풀커버 강화유리 액정보호필름2개 + EZ툴 제공, 아이폰16프로",64,54,10,10740,107400,579960,27074243,2025-11-18,정산됨(일부),39377081,460330685732;460330692651,2025-09-15 19:30,2025-09-17 10:16,2025-09-19 17:02,집하+도착+하차,54,107400,2025-09-19,①하차일(제3자),321,181~365일
2025-09-08,112823925,고양1,50342950,"오하이 풀커버 강화유리 액정보호필름2개 + EZ툴 제공, 아이폰16프로맥스",10,0,10,10740,107400,0,,,정산명세에 없음(전량 미정산),39410813,460339552083;460339552094;460339552105,2025-09-16 18:41,2025-09-17 15:41,2025-09-17 11:10,집하+도착+하차,0,107400,2025-09-17,①하차일(제3자),323,181~365일
2025-09-22,113919755,인천32,27686155,"오하이 풀커버 강화유리 액정보호필름 + 이지솔루션 제공, 2개, 아이폰14프로",31,21,10,10740,107400,225540,27302148,2025-12-02,정산됨(일부),39836141,460489345514;460489345525;460489345536;460489345540;460489345551,2025-09-30 18:56,2025-10-02 12:36,2025-10-03 18:33,집하+도착+하차,21,107400,2025-10-03,①하차일(제3자),307,181~365일
2025-09-11,113127996,이천2,48472778,"오하이 풀커버 강화유리 액정보호필름2개 + EZ툴 제공, 갤럭시S24 울트라",12,3,9,10740,96660,32220,27034204,2025-11-14,정산됨(일부),39372559,460328270625;460328270636;460328270640;460328270651;460328270662;460328270673,2025-09-15 19:25,2025-09-17 11:36,2025-09-18 00:07,집하+도착+하차,3,96660,2025-09-18,①하차일(제3자),322,181~365일
2025-09-15,113351136,인천32,39017751,"오하이 풀커버 강화유리 액정보호필름 + 이지솔루션 제공, 2개, 아이폰15플러스",9,0,9,10740,96660,0,,,정산명세에 없음(전량 미정산),39551955,460380508022;460380508033;460380508044;460380508055;460380508066;460380508070;460380508081;460380508092,2025-09-19 18:09,2025-09-26 08:42,2025-09-27 00:51,집하+도착+하차,0,96660,2025-09-27,①하차일(제3자),313,181~365일
2026-03-10,126251674,서울,50342949,"오하이 풀커버 강화유리 액정보호필름2개 + EZ툴 제공, 아이폰16프로",9,0,9,10740,96660,0,,,정산명세에 없음(전량 미정산),44540706,461854887314,2026-03-16 18:58,2026-03-17 11:53,2026-03-17 10:35,집하+도착+하차,0,96660,2026-03-17,①하차일(제3자),142,91~180일
2025-08-26,111770670,창원4,41555886,"오하이 EZ툴 풀커버 사생활보호 프라이버시 강화유리 휴대폰 액정보호필름 2매, 아이폰 15 프로맥스, 1세트",8,0,8,11940,95520,0,,,정산명세에 없음(전량 미정산),38913991,460212337793;460212337804;460212337815;460212337826,2025-09-01 19:14,2025-09-03 09:13,2025-09-05 15:13,집하+도착+하차,0,95520,2025-09-05,①하차일(제3자),335,181~365일
2025-11-06,117218465,대구6,63688990,오하이 EZ툴 풀커버 사생활보호 프라이버시 강화유리 휴대폰 액정보호필름 2p 세트 아이폰17프로 1세트,8,0,8,11940,95520,0,,,정산명세에 없음(전량 미정산),40888195,460777816796,2025-11-07 18:38,2025-11-08 09:40,2025-11-08 17:13,집하+도착+하차,0,95520,2025-11-08,①하차일(제3자),271,181~365일
2025-08-27,111877498,서울,39017749,"오하이 풀커버 강화유리 액정보호필름 + 이지솔루션 제공, 2개, 아이폰15프로",8,0,8,10740,85920,0,,,정산명세에 없음(전량 미정산),38948976,460223542100;460223542111;460223542122;460223542133;460223542144,2025-09-02 18:25,2025-09-03 10:51,2025-09-03 10:02,집하+도착+하차,0,85920,2025-09-03,①하차일(제3자),337,181~365일
2026-06-05,133402531,인천4,62178970,오하이 풀커버 강화유리 휴대폰 액정보호필름 2p + EZ 툴 세트 아이폰17프로 1세트,127,119,8,10740,85920,1278060,29939078,2026-08-07,정산됨(일부),47281616,462550053814;462550057686;462550061013,2026-06-08 18:57,2026-06-09 15:55,2026-06-09 14:13,집하+도착+하차,119,85920,2026-06-09,①하차일(제3자),58,31~60일
2025-08-29,112001812,이천2,41555886,"오하이 EZ툴 풀커버 사생활보호 프라이버시 강화유리 휴대폰 액정보호필름 2매, 아이폰 15 프로맥스, 1세트",7,0,7,11940,83580,0,,,정산명세에 없음(전량 미정산),38927859,460218440846;460218440850;460218440861;460218440872,2025-09-01 19:21,2025-09-03 10:15,2025-09-04 02:39,집하+도착+하차,0,83580,2025-09-04,①하차일(제3자),336,181~365일
2025-09-15,113351044,전라광주4,39017751,"오하이 풀커버 강화유리 액정보호필름 + 이지솔루션 제공, 2개, 아이폰15플러스",7,0,7,10740,75180,0,,,계산서 미발행(전량 미정산),39601981,460404885581,,,,추적없음,0,75180,,④판정불가(추적기록 없음),,판정불가
2025-11-06,117219152,동탄1,39017747,"오하이 풀커버 강화유리 액정보호필름 + 이지솔루션 제공, 2개, 아이폰15",7,0,7,10740,75180,0,,,정산명세에 없음(전량 미정산),40883421,460776859804;460776873900,2025-11-07 18:38,2025-11-08 09:48,2025-11-08 10:02,집하+도착+하차,0,75180,2025-11-08,①하차일(제3자),271,181~365일
2026-06-12,134001661,창원1,48562240,"[10매]오하이 버디필름 장타 비거리스티커 드라이버 우드 헤드 보호 슬라이스방지 골프필름, 드라이버용, 1세트, 드라이버용 10매 95*48mm 단일색상",8,0,8,9000,72000,0,,,계산서 미발행(전량 미정산),47478161,462590745691,2026-06-15 19:16,2026-06-16 09:40,2026-06-17 14:37,집하+도착+하차,0,72000,2026-06-17,①하차일(제3자),50,31~60일
2026-01-02,121364130,동탄1,35373954,"오하이 EZ툴 아이폰 풀커버 사생활보호 프라이버시 강화유리필름 2매, 아이폰 13/13프로, 1세트",6,0,6,11940,71640,0,,,정산명세에 없음(전량 미정산),42626227,461279374872;461279374883,2026-01-06 18:55,2026-01-07 13:56,,집하+도착,0,71640,2026-01-07,②센터도착일(제3자),211,181~365일
2025-11-21,118356220,인천32,55707339,"오하이 전면 3D 풀커버 TPU 지문방지 + 무광택 휴대폰 액정보호필름 3p + 부착 가이드툴, 삼성 갤럭시 S25플러스, 1세트",7,0,7,9540,66780,0,,,정산명세에 없음(전량 미정산),41362686,460915725911;460915725922;460915725933;460915725944,2025-11-24 18:59,2025-11-25 13:26,2025-11-25 15:04,집하+도착+하차,0,66780,2025-11-25,①하차일(제3자),254,181~365일
2025-10-16,115484299,대구6,62178971,오하이 풀커버 강화유리 휴대폰 액정보호필름 2p + EZ 툴 세트 아이폰17 1세트,26,20,6,10740,64440,214800,27417435,2025-12-19,정산됨(일부),40199928,460595151015,2025-10-17 19:32,2025-10-20 13:46,2025-10-20 11:40,집하+도착+하차,20,64440,2025-10-20,①하차일(제3자),290,181~365일
2026-01-09,121923846,창원1,19454771,"오하이 풀커버 강화유리 액정보호필름2개 + EZ툴 제공, 아이폰12/12프로",6,0,6,10740,64440,0,,,정산명세에 없음(전량 미정산),42845819,461341289426;461341295741,2026-01-13 18:12,2026-01-15 10:46,2026-01-16 23:03,집하+도착+하차,0,64440,2026-01-16,①하차일(제3자),202,181~365일
2026-04-17,129398884,경기광주3,48102856,오하이 갤럭시 Z플립 6 저반사 지문방지 풀커버 액정보호필름 내부3매+외부3매 1세트,6,0,6,10700,64200,0,,,정산명세에 없음(전량 미정산),45738613,462179259614,2026-04-21 18:56,2026-04-22 14:48,2026-04-22 17:11,집하+도착+하차,0,64200,2026-04-22,①하차일(제3자),106,91~180일
2025-09-22,113919901,서울,35373961,"오하이 EZ툴 아이폰 풀커버 사생활보호 프라이버시 강화유리필름 2매, 아이폰 14, 1세트",16,11,5,11940,59700,131340,27260871,2025-12-01,정산됨(일부),39826499,460486567715;460486567726;460486567730;460486567741,2025-09-30 18:58,2025-10-02 10:10,2025-10-02 12:05,집하+도착+하차,11,59700,2025-10-02,①하차일(제3자),308,181~365일
2026-06-19,134649593,경기광주3,41555857,"오하이 EZ툴 풀커버 사생활보호 프라이버시 강화유리 휴대폰 액정보호필름 2매, 아이폰 15 프로, 1세트",5,0,5,11940,59700,0,,,정산명세에 없음(전량 미정산),47755483,462664704902,2026-06-22 19:06,2026-06-23 09:31,2026-06-23 10:12,집하+도착+하차,0,59700,2026-06-23,①하차일(제3자),44,31~60일
2026-05-29,132854046,이천4,48562249,"[10매]오하이 버디필름 장타 비거리스티커 드라이버 우드 헤드 보호 슬라이스방지 골프필름, 우드용, 1세트, 우드용 10매 88*30mm 단일색상",6,0,6,9000,54000,0,,,계산서 미발행(전량 미정산),47283633,462551161435,2026-06-08 19:04,2026-06-09 12:18,,집하+도착,0,54000,2026-06-09,②센터도착일(제3자),58,31~60일
2026-06-11,133986183,대구3,48562240,"[10매]오하이 버디필름 장타 비거리스티커 드라이버 우드 헤드 보호 슬라이스방지 골프필름, 드라이버용, 1세트, 드라이버용 10매 95*48mm 단일색상",6,0,6,9000,54000,0,,,계산서 미발행(전량 미정산),47478372,462590765453;462590766606,2026-06-16 18:24,2026-06-17 12:37,2026-06-18 00:13,집하+도착+하차,0,54000,2026-06-18,①하차일(제3자),49,31~60일
2025-09-11,113127996,이천2,27686157,"오하이 풀커버 강화유리 액정보호필름 + 이지솔루션 제공, 2개, 아이폰14프로맥스",10,5,5,10740,53700,53700,27059078,2025-11-17,정산됨(일부),39372559,460328270625;460328270636;460328270640;460328270651;460328270662;460328270673,2025-09-15 19:25,2025-09-17 11:36,2025-09-18 00:07,집하+도착+하차,5,53700,2025-09-18,①하차일(제3자),322,181~365일
2025-09-15,113351248,대구6,39017751,"오하이 풀커버 강화유리 액정보호필름 + 이지솔루션 제공, 2개, 아이폰15플러스",5,0,5,10740,53700,0,,,정산명세에 없음(전량 미정산),39552405,460380763920;460380766764,2025-09-19 18:09,2025-09-25 12:14,2025-09-25 16:27,집하+도착+하차,0,53700,2025-09-25,①하차일(제3자),315,181~365일
2025-09-15,113350948,인천14,39017751,"오하이 풀커버 강화유리 액정보호필름 + 이지솔루션 제공, 2개, 아이폰15플러스",5,0,5,10740,53700,0,,,정산명세에 없음(전량 미정산),39601451,460404750212,2025-09-23 19:18,2025-09-25 12:43,2025-09-25 13:23,집하+도착+하차,0,53700,2025-09-25,①하차일(제3자),315,181~365일
2025-09-22,113919588,경기광주3,50342952,"오하이 풀커버 강화유리 액정보호필름2개 + EZ툴 제공, 아이폰16",41,36,5,10740,53700,386640,27260871,2025-12-01,정산됨(일부),39834848,460489101052;460489101063;460489101074;460489101085,2025-09-30 18:58,2025-10-02 11:24,2025-10-02 16:12,집하+도착+하차,36,53700,2025-10-02,①하차일(제3자),308,181~365일
2025-09-28,114370547,고양1,50342949,"오하이 풀커버 강화유리 액정보호필름2개 + EZ툴 제공, 아이폰16프로",143,138,5,10740,53700,1482120,27295681,2025-12-03,정산됨(일부),39881327,460500398853;460500398864;460500398875;460500398886;460500398890,2025-10-01 19:36,2025-10-04 15:31,2025-10-04 09:55,집하+도착+하차,138,53700,2025-10-04,①하차일(제3자),306,181~365일
2025-12-25,120916154,안산3,39017749,"오하이 풀커버 강화유리 액정보호필름 + 이지솔루션 제공, 2개, 아이폰15프로",100,95,5,10740,53700,1020300,28256807,2026-02-26,정산됨(일부),42395338,461207619692;461207620650,2025-12-26 19:25,2025-12-27 11:15,2025-12-28 14:00,집하+도착+하차,95,53700,2025-12-28,①하차일(제3자),221,181~365일
2025-12-25,120915858,창원1,62178970,오하이 풀커버 강화유리 휴대폰 액정보호필름 2p + EZ 툴 세트 아이폰17프로 1세트,46,41,5,10740,53700,440340,28256807,2026-02-26,정산됨(일부),42396054,461207720470;461207720481;461207720492,2025-12-26 19:25,2025-12-27 10:02,2025-12-28 02:43,집하+도착+하차,41,53700,2025-12-28,①하차일(제3자),221,181~365일
2026-03-25,127566387,이천4,62178967,오하이 풀커버 강화유리 휴대폰 액정보호필름 2p + EZ 툴 세트 아이폰17프로맥스 1세트,5,0,5,10740,53700,0,,,계산서 미발행(전량 미정산),44984115,461977832072,2026-03-27 19:05,2026-03-28 08:35,,집하+도착,0,53700,2026-03-28,②센터도착일(제3자),131,91~180일
2026-02-05,124147620,이천4,48102855,오하이 갤럭시 Z폴드6 저반사 지문방지 풀커버 액정보호필름 외부3매+내부 3매 1세트,4,0,4,12000,48000,0,,,정산명세에 없음(전량 미정산),43623477,461561623666;461561629443,2026-02-06 18:58,2026-02-13 10:59,2026-02-13 14:24,집하+도착+하차,0,48000,2026-02-13,①하차일(제3자),174,91~180일
2025-10-16,115487139,인천32,35373969,"오하이 EZ툴 아이폰 풀커버 사생활보호 프라이버시 강화유리필름 2매, 아이폰 14 프로맥스, 1세트",4,0,4,11940,47760,0,,,정산명세에 없음(전량 미정산),40278818,460619930131;460619930142;460619930153;460619930164;460619930175,2025-10-21 18:55,2025-10-22 13:44,2025-10-22 19:39,집하+도착+하차,0,47760,2025-10-22,①하차일(제3자),288,181~365일
2025-09-15,113350734,창원3,39017751,"오하이 풀커버 강화유리 액정보호필름 + 이지솔루션 제공, 2개, 아이폰15플러스",4,0,4,10740,42960,0,,,정산명세에 없음(전량 미정산),39601598,460404797370,2025-09-23 19:18,2025-09-24 10:11,2025-09-24 15:08,집하+도착+하차,0,42960,2025-09-24,①하차일(제3자),316,181~365일
2025-09-15,113351275,동탄1,39017751,"오하이 풀커버 강화유리 액정보호필름 + 이지솔루션 제공, 2개, 아이폰15플러스",4,0,4,10740,42960,0,,,정산명세에 없음(전량 미정산),39603921,460405288825;460405288836;460405288840;460405288851,2025-09-23 19:21,2025-09-25 11:22,2025-09-26 08:42,집하+도착+하차,0,42960,2025-09-26,①하차일(제3자),314,181~365일
2026-04-08,128667525,창원4,62178970,오하이 풀커버 강화유리 휴대폰 액정보호필름 2p + EZ 툴 세트 아이폰17프로 1세트,4,0,4,10740,42960,0,,,계산서 미발행(전량 미정산),45488020,462115601312,2026-04-13 19:04,2026-04-14 10:25,,집하+도착,0,42960,2026-04-14,②센터도착일(제3자),114,91~180일
2026-05-15,131669847,경기광주3,19454771,"오하이 풀커버 강화유리 액정보호필름2개 + EZ툴 제공, 아이폰12/12프로",4,0,4,10740,42960,0,,,정산명세에 없음(전량 미정산),46625741,462394895513,2026-05-19 18:58,2026-05-20 12:41,2026-05-21 00:55,집하+도착+하차,0,42960,2026-05-21,①하차일(제3자),77,61~90일
2026-05-29,132854046,이천4,48562240,"[10매]오하이 버디필름 장타 비거리스티커 드라이버 우드 헤드 보호 슬라이스방지 골프필름, 드라이버용, 1세트, 드라이버용 10매 95*48mm 단일색상",4,0,4,9000,36000,0,,,계산서 미발행(전량 미정산),47283633,462551161435,2026-06-08 19:04,2026-06-09 12:18,,집하+도착,0,36000,2026-06-09,②센터도착일(제3자),58,31~60일
2025-08-25,111681196,창원4,41555886,"오하이 EZ툴 풀커버 사생활보호 프라이버시 강화유리 휴대폰 액정보호필름 2매, 아이폰 15 프로맥스, 1세트",3,0,3,11940,35820,0,,,정산명세에 없음(전량 미정산),38913991,460212337793;460212337804;460212337815;460212337826,2025-09-01 19:14,2025-09-03 09:13,2025-09-05 15:13,집하+도착+하차,0,35820,2025-09-05,①하차일(제3자),335,181~365일
2026-06-12,134000097,대구3,41555864,"오하이 EZ툴 풀커버 사생활보호 프라이버시 강화유리 휴대폰 액정보호필름 2매, 아이폰 15, 1세트",3,0,3,11940,35820,0,,,정산명세에 없음(전량 미정산),47478372,462590765453;462590766606,2026-06-16 18:24,2026-06-17 12:37,2026-06-18 00:13,집하+도착+하차,0,35820,2026-06-18,①하차일(제3자),49,31~60일
2026-06-12,133999385,창원4,55013234,"[전기종]오하이 도어락 지문방지 사생활보호 범죄예방 문캅스필름 2매+간편부착, 1세트, 지문방지필름 단일상품",4,0,4,8600,34400,0,,,정산명세에 없음(전량 미정산),47534560,462608981236,2026-06-16 18:24,2026-06-17 12:45,2026-06-19 10:45,집하+도착+하차,0,34400,2026-06-19,①하차일(제3자),48,31~60일
2025-09-15,113351387,시흥2,39017751,"오하이 풀커버 강화유리 액정보호필름 + 이지솔루션 제공, 2개, 아이폰15플러스",3,0,3,10740,32220,0,,,정산명세에 없음(전량 미정산),39602299,460404955113,2025-09-23 19:18,2025-09-25 11:40,2025-09-25 17:10,집하+도착+하차,0,32220,2025-09-25,①하차일(제3자),315,181~365일
2025-09-24,114114697,창원1,39017751,"오하이 풀커버 강화유리 액정보호필름 + 이지솔루션 제공, 2개, 아이폰15플러스",3,0,3,10740,32220,0,,,계산서 미발행(전량 미정산),39838659,460489871240,2025-10-01 19:27,2025-10-02 10:49,2025-10-04 16:01,집하+도착+하차,0,32220,2025-10-04,①하차일(제3자),306,181~365일
2025-11-06,117217817,이천2,19454769,"오하이 풀커버 강화유리 액정보호필름2개 + EZ툴 제공, 아이폰12미니",5,2,3,10740,32220,21480,27659862,2026-01-07,정산됨(일부),40889246,460778005564;460778005575;460778005586,2025-11-07 18:36,2025-11-10 11:35,2025-11-08 21:39,집하+도착+하차,2,32220,2025-11-08,①하차일(제3자),271,181~365일
2026-03-26,127637752,대구3,39017749,"오하이 풀커버 강화유리 액정보호필름 + 이지솔루션 제공, 2개, 아이폰15프로",3,0,3,10740,32220,0,,,계산서 미발행(전량 미정산),45021095,461993678134;461993686302,2026-03-30 18:42,2026-03-31 12:27,2026-03-31 16:36,집하+도착+하차,0,32220,2026-03-31,①하차일(제3자),128,91~180일
2026-05-15,131670378,대구3,19454771,"오하이 풀커버 강화유리 액정보호필름2개 + EZ툴 제공, 아이폰12/12프로",24,21,3,10740,32220,225540,29741561,2026-07-21,정산됨(일부),46625554,462394846852;462394848974,2026-05-18 18:51,2026-05-20 11:24,2026-05-22 02:57,집하+도착+하차,21,32220,2026-05-22,①하차일(제3자),76,61~90일
2026-05-29,132855408,이천4,18371042,"오하이 풀커버 강화유리 액정보호필름2개 + EZ툴 제공, 아이폰13프로맥스",3,0,3,10740,32220,0,,,계산서 미발행(전량 미정산),47283633,462551161435,2026-06-08 19:04,2026-06-09 12:18,,집하+도착,0,32220,2026-06-09,②센터도착일(제3자),58,31~60일
2026-05-29,132855408,이천4,13906323,오하이 전면 3D 풀커버 TPU 지문방지 액정보호필름 3p + 부착 가이드툴 세트 갤럭시S21울트라 1세트,3,0,3,9600,28800,0,,,계산서 미발행(전량 미정산),47283633,462551161435,2026-06-08 19:04,2026-06-09 12:18,,집하+도착,0,28800,2026-06-09,②센터도착일(제3자),58,31~60일
2025-07-31,109639426,이천4,62922000,"오하이 폴드,플립 지문방지 무광택 액정보호 필름 + 부착 안내문, 삼성 갤럭시 Z폴드7, 1세트 투명",2,0,2,12000,24000,0,,,계산서 미발행(전량 미정산),38032113,459916945423,2025-08-01 18:41,2025-08-02 10:46,,집하+도착,0,24000,2025-08-02,②센터도착일(제3자),369,366일+
2025-08-29,112067836,인천36,57316032,"오하이 일미리 케이스 1mm 변색 없는 PC 하드 케이스, 아이폰 16",3,0,3,8000,24000,0,,,정산명세에 없음(전량 미정산),38950993,460224422162;460224429534;460224430934,2025-09-02 18:25,2025-09-03 08:39,2025-09-07 09:59,집하+도착+하차,0,24000,2025-09-07,①하차일(제3자),333,181~365일
2025-09-12,113247676,인천14,57316039,"오하이 일미리 케이스 1mm 변색 없는 PC 하드 케이스, 아이폰 15",3,0,3,8000,24000,0,,,정산명세에 없음(전량 미정산),39404080,460337727916;460337727920;460337727931;460337727942;460337727953;460337727964;460337727975,2025-09-16 18:40,2025-09-18 09:10,2025-09-18 09:20,집하+도착+하차,0,24000,2025-09-18,①하차일(제3자),322,181~365일
2025-10-10,114898481,경기광주3,62922000,"오하이 폴드,플립 지문방지 무광택 액정보호 필름 + 부착 안내문, 삼성 갤럭시 Z폴드7, 1세트 투명",25,23,2,12000,24000,276000,27354329,2025-12-12,정산됨(일부),40028672,460554719855;460554733564,2025-10-13 19:44,2025-10-15 11:18,2025-10-15 14:25,집하+도착+하차,23,24000,2025-10-15,①하차일(제3자),295,181~365일
2025-09-18,113666433,창원1,35373955,"오하이 EZ툴 아이폰 풀커버 사생활보호 프라이버시 강화유리필름 2매, 아이폰 14 프로, 1세트",5,3,2,11940,23880,35820,27167943,2025-11-25,정산됨(일부),39601674,460404823410,2025-09-23 19:26,2025-09-25 10:41,2025-09-26 01:22,집하+도착+하차,3,23880,2025-09-26,①하차일(제3자),314,181~365일
2025-09-22,113919588,경기광주3,35373954,"오하이 EZ툴 아이폰 풀커버 사생활보호 프라이버시 강화유리필름 2매, 아이폰 13/13프로, 1세트",2,0,2,11940,23880,0,,,정산명세에 없음(전량 미정산),39834848,460489101052;460489101063;460489101074;460489101085,2025-09-30 18:58,2025-10-02 11:24,2025-10-02 16:12,집하+도착+하차,0,23880,2025-10-02,①하차일(제3자),308,181~365일
2026-02-05,124148383,인천30,35373967,"오하이 EZ툴 아이폰 풀커버 사생활보호 프라이버시 강화유리필름 2매, 아이폰 12 미니, 1세트",2,0,2,11940,23880,0,,,정산명세에 없음(전량 미정산),43664130,461583940506,2026-02-09 18:52,2026-02-12 15:05,2026-02-12 11:18,집하+도착+하차,0,23880,2026-02-12,①하차일(제3자),175,91~180일
2026-05-28,132783273,동탄1,63688989,오하이 EZ툴 풀커버 사생활보호 프라이버시 강화유리 휴대폰 액정보호필름 2p 세트 아이폰17 1세트,2,0,2,11940,23880,0,,,정산명세에 없음(전량 미정산),47021950,462482103716;462482111545,2026-05-29 18:13,2026-05-30 10:04,2026-05-30 09:42,집하+도착+하차,0,23880,2026-05-30,①하차일(제3자),68,61~90일
2026-02-11,124513934,시흥2,69592743,"오하이 맥세이프 하이브리드 투명 소다 휴대폰 케이스, 갤럭시 S26 울트라",10,8,2,11000,22000,88000,28750460,2026-04-15,정산됨(일부),43804985,461634289126,2026-02-13 18:45,2026-02-14 08:25,2026-02-14 10:33,집하+도착+하차,8,22000,2026-02-14,①하차일(제3자),173,91~180일
2026-02-11,124513934,시흥2,69592744,"오하이 맥세이프 하이브리드 투명 소다 휴대폰 케이스, 갤럭시 S26 플러스",10,8,2,11000,22000,88000,28750460,2026-04-15,정산됨(일부),43804985,461634289126,2026-02-13 18:45,2026-02-14 08:25,2026-02-14 10:33,집하+도착+하차,8,22000,2026-02-14,①하차일(제3자),173,91~180일
2026-02-11,124513934,시흥2,69592745,"오하이 맥세이프 하이브리드 투명 소다 휴대폰 케이스, 갤럭시 S26",15,13,2,11000,22000,143000,28750460,2026-04-15,정산됨(일부),43804985,461634289126,2026-02-13 18:45,2026-02-14 08:25,2026-02-14 10:33,집하+도착+하차,13,22000,2026-02-14,①하차일(제3자),173,91~180일
2025-09-15,113351483,인천28,39017751,"오하이 풀커버 강화유리 액정보호필름 + 이지솔루션 제공, 2개, 아이폰15플러스",2,0,2,10740,21480,0,,,정산명세에 없음(전량 미정산),39602049,460404903652,2025-09-23 19:18,2025-09-25 12:26,2025-09-25 18:48,집하+도착+하차,0,21480,2025-09-25,①하차일(제3자),315,181~365일
2025-07-31,109639426,이천4,62921998,"오하이 폴드,플립 지문방지 무광택 액정보호 필름 + 부착 안내문, 삼성 갤럭시 Z플립7, 1세트 투명",2,0,2,10700,21400,0,,,계산서 미발행(전량 미정산),38032113,459916945423,2025-08-01 18:41,2025-08-02 10:46,,집하+도착,0,21400,2025-08-02,②센터도착일(제3자),369,366일+
2026-04-14,129095909,동탄1,48102856,오하이 갤럭시 Z플립 6 저반사 지문방지 풀커버 액정보호필름 내부3매+외부3매 1세트,2,0,2,10700,21400,0,,,계산서 미발행(전량 미정산),45719543,462173821535;462173823510;462173840881,2026-04-20 19:25,2026-04-22 10:46,2026-04-22 09:58,집하+도착+하차,0,21400,2026-04-22,①하차일(제3자),106,91~180일
2026-04-13,129001245,동탄1,48102856,오하이 갤럭시 Z플립 6 저반사 지문방지 풀커버 액정보호필름 내부3매+외부3매 1세트,2,0,2,10700,21400,0,,,정산명세에 없음(전량 미정산),45719543,462173821535;462173823510;462173840881,2026-04-20 19:25,2026-04-22 10:46,2026-04-22 09:58,집하+도착+하차,0,21400,2026-04-22,①하차일(제3자),106,91~180일
2026-03-25,127566387,이천4,21585994,오하이 전면 3D 풀커버 TPU 지문방지 액정보호필름 3p + 부착 가이드툴 세트 갤럭시S22울트라 1세트,2,0,2,9600,19200,0,,,계산서 미발행(전량 미정산),44984115,461977832072,2026-03-27 19:05,2026-03-28 08:35,,집하+도착,0,19200,2026-03-28,②센터도착일(제3자),131,91~180일
2026-05-29,132855408,이천4,55705544,"오하이 지문방지 PET 무광필름 2매, 갤럭시 S25울트라, 1세트",2,0,2,9600,19200,0,,,계산서 미발행(전량 미정산),47283633,462551161435,2026-06-08 19:04,2026-06-09 12:18,,집하+도착,0,19200,2026-06-09,②센터도착일(제3자),58,31~60일
2025-09-05,112650168,경기광주3,40840056,"오하이 전면 3D 풀커버 TPU 지문방지 + 무광택 휴대폰 액정보호필름 3p + 부착 가이드툴, 아이폰12/12프로, 1세트",2,0,2,9540,19080,0,,,계산서 미발행(전량 미정산),39101580,460255334066;460255334070;460255334081;460255334092,2025-09-05 19:27,2025-09-06 14:16,2025-09-06 16:25,집하+도착+하차,0,19080,2025-09-06,①하차일(제3자),334,181~365일
2025-09-28,114369414,대구2,38265698,"오하이 태블릿 지문방지 필름 2매, 갤럭시탭S9울트라 투명",2,0,2,9540,19080,0,,,계산서 미발행(전량 미정산),39888422,460502133372,2025-10-02 16:44,2025-10-04 12:30,2025-10-07 12:05,집하+도착+하차,0,19080,2025-10-07,①하차일(제3자),303,181~365일
2025-11-28,118898200,대구3,41670033,"오하이 전면 3D 풀커버 TPU 지문방지 + 무광택 휴대폰 액정보호필름 3p + 부착 가이드툴, 갤럭시 S23FE, 1세트",11,9,2,9540,19080,85860,27934368,2026-01-28,정산됨(일부),41546127,460965341605,2025-11-28 18:35,2025-11-29 09:20,2025-11-29 23:13,집하+도착+하차,9,19080,2025-11-29,①하차일(제3자),250,181~365일
2026-04-17,129398884,경기광주3,41670010,"오하이 전면 3D 풀커버 TPU 지문방지 + 무광택 휴대폰 액정보호필름 3p + 부착 가이드툴, 갤럭시 S24울트라, 1세트",2,0,2,9540,19080,0,,,정산명세에 없음(전량 미정산),45738613,462179259614,2026-04-21 18:56,2026-04-22 14:48,2026-04-22 17:11,집하+도착+하차,0,19080,2026-04-22,①하차일(제3자),106,91~180일
2026-01-09,121924610,서울,53305588,"[20매]오하이 버디필름 장타 비거리스티커 드라이버 우드 헤드 보호 슬라이스방지 골프필름, 드라이버용, 1세트, 드라이버용 20매 95*48mm 단일색상",12,11,1,14000,14000,154000,28424896,2026-03-13,정산됨(일부),42843250,461340343306,2026-01-13 18:09,2026-01-14 10:41,2026-01-14 09:21,집하+도착+하차,11,14000,2026-01-14,①하차일(제3자),204,181~365일
2025-10-20,115648017,인천14,52728766,"오하이 사생활보호 프라이버시 TPU 지문인식 휴대폰 액정보호필름 2매+간편부착 툴, 삼성 갤럭시 S24FE, 2개입",2,0,2,6705,13410,0,,,계산서 미발행(전량 미정산),40295202,460623943603,,,,추적없음,0,13410,,④판정불가(추적기록 없음),,판정불가
2025-08-01,109786280,고양1,62922000,"오하이 폴드,플립 지문방지 무광택 액정보호 필름 + 부착 안내문, 삼성 갤럭시 Z폴드7, 1세트 투명",602,601,1,12000,12000,7212000,26536706,2025-10-02,정산됨(일부),38109379,460017222523;460017222534;460017222545;460017222556;460017222560;460017222571;460017222582;460017222593;460017222604,2025-08-04 19:02,2025-08-05 16:34,2025-08-05 16:53,집하+도착+하차,601,12000,2025-08-05,①하차일(제3자),366,366일+
2026-04-15,129212670,동탄1,48102855,오하이 갤럭시 Z폴드6 저반사 지문방지 풀커버 액정보호필름 외부3매+내부 3매 1세트,1,0,1,12000,12000,0,,,정산명세에 없음(전량 미정산),45719543,462173821535;462173823510;462173840881,2026-04-20 19:25,2026-04-22 10:46,2026-04-22 09:58,집하+도착+하차,0,12000,2026-04-22,①하차일(제3자),106,91~180일
2026-04-13,129001245,동탄1,48102855,오하이 갤럭시 Z폴드6 저반사 지문방지 풀커버 액정보호필름 외부3매+내부 3매 1세트,1,0,1,12000,12000,0,,,정산명세에 없음(전량 미정산),45719543,462173821535;462173823510;462173840881,2026-04-20 19:25,2026-04-22 10:46,2026-04-22 09:58,집하+도착+하차,0,12000,2026-04-22,①하차일(제3자),106,91~180일
2026-04-17,129399158,경기광주3,48102855,오하이 갤럭시 Z폴드6 저반사 지문방지 풀커버 액정보호필름 외부3매+내부 3매 1세트,1,0,1,12000,12000,0,,,정산명세에 없음(전량 미정산),45738613,462179259614,2026-04-21 18:56,2026-04-22 14:48,2026-04-22 17:11,집하+도착+하차,0,12000,2026-04-22,①하차일(제3자),106,91~180일
2026-05-29,132855408,이천4,27217841,오하이 갤럭시 Z폴드4 지문방지 풀커버 저반사 매트 액정보호필름 전면 3매+내부 3매 1세트,1,0,1,12000,12000,0,,,계산서 미발행(전량 미정산),47283633,462551161435,2026-06-08 19:04,2026-06-09 12:18,,집하+도착,0,12000,2026-06-09,②센터도착일(제3자),58,31~60일
2026-05-29,132855408,이천4,37350957,오하이 지문방지 풀커버 저반사 매트 액정보호필름 전면 3매+내부 3매 +option+ 갤럭시 Z폴드5 ::,1,0,1,12000,12000,0,,,계산서 미발행(전량 미정산),47283633,462551161435,2026-06-08 19:04,2026-06-09 12:18,,집하+도착,0,12000,2026-06-09,②센터도착일(제3자),58,31~60일
2025-09-11,113127996,이천2,35373965,"오하이 EZ툴 아이폰 풀커버 사생활보호 프라이버시 강화유리필름 2매, 아이폰 14 플러스, 1세트",1,0,1,11940,11940,0,,,정산명세에 없음(전량 미정산),39372559,460328270625;460328270636;460328270640;460328270651;460328270662;460328270673,2025-09-15 19:25,2025-09-17 11:36,2025-09-18 00:07,집하+도착+하차,0,11940,2025-09-18,①하차일(제3자),322,181~365일
2025-09-08,112785355,인천32,35373965,"오하이 EZ툴 아이폰 풀커버 사생활보호 프라이버시 강화유리필름 2매, 아이폰 14 플러스, 1세트",1,0,1,11940,11940,0,,,계산서 미발행(전량 미정산),39373869,460329038805;460329038816;460329038820;460329038831;460329038842;460329038853;460329038864;460329038875;460329038886,2025-09-15 19:23,2025-09-18 11:34,2025-09-18 17:36,집하+도착+하차,0,11940,2025-09-18,①하차일(제3자),322,181~365일
2025-09-19,113783833,동탄1,35373954,"오하이 EZ툴 아이폰 풀커버 사생활보호 프라이버시 강화유리필름 2매, 아이폰 13/13프로, 1세트",5,4,1,11940,11940,47760,27182174,2025-11-25,정산됨(일부),39603921,460405288825;460405288836;460405288840;460405288851,2025-09-23 19:21,2025-09-25 11:22,2025-09-26 08:42,집하+도착+하차,4,11940,2025-09-26,①하차일(제3자),314,181~365일
2025-09-25,114212353,인천28,35373954,"오하이 EZ툴 아이폰 풀커버 사생활보호 프라이버시 강화유리필름 2매, 아이폰 13/13프로, 1세트",9,8,1,11940,11940,95520,27286468,2025-12-01,정산됨(일부),39827051,460486838630;460486845372,2025-09-30 18:56,2025-10-02 10:44,2025-10-02 17:39,집하+도착+하차,8,11940,2025-10-02,①하차일(제3자),308,181~365일
2025-09-23,114052773,인천32,35373955,"오하이 EZ툴 아이폰 풀커버 사생활보호 프라이버시 강화유리필름 2매, 아이폰 14 프로, 1세트",1,0,1,11940,11940,0,,,정산명세에 없음(전량 미정산),39836141,460489345514;460489345525;460489345536;460489345540;460489345551,2025-09-30 18:56,2025-10-02 12:36,2025-10-03 18:33,집하+도착+하차,0,11940,2025-10-03,①하차일(제3자),307,181~365일
2025-10-02,114832258,동탄1,63688991,오하이 EZ툴 풀커버 사생활보호 프라이버시 강화유리 휴대폰 액정보호필름 2p 세트 아이폰17프로맥스 1세트,1,0,1,11940,11940,0,,,계산서 미발행(전량 미정산),40017421,460549756870,2025-10-13 19:26,2025-10-15 11:25,2025-10-15 16:05,집하+도착+하차,0,11940,2025-10-15,①하차일(제3자),295,181~365일
2025-12-05,119441784,안산3,35373963,"오하이 EZ툴 아이폰 풀커버 사생활보호 프라이버시 강화유리필름 2매, 아이폰 12/12프로, 1세트",6,5,1,11940,11940,59700,28041305,2026-02-06,정산됨(일부),41766179,461028226050;461028226061;461028226072;461028226083;461028226094,2025-12-05 18:29,2025-12-10 11:43,2025-12-15 08:36,집하+도착+하차,5,11940,2025-12-15,①하차일(제3자),234,181~365일
2025-12-19,120434528,양산1,35373955,"오하이 EZ툴 아이폰 풀커버 사생활보호 프라이버시 강화유리필름 2매, 아이폰 14 프로, 1세트",1,0,1,11940,11940,0,,,정산명세에 없음(전량 미정산),42271073,461176280504,2025-12-23 18:20,2025-12-24 08:57,2025-12-27 02:02,집하+도착+하차,0,11940,2025-12-27,①하차일(제3자),222,181~365일
2026-02-19,124930198,대구3,35373955,"오하이 EZ툴 아이폰 풀커버 사생활보호 프라이버시 강화유리필름 2매, 아이폰 14 프로, 1세트",1,0,1,11940,11940,0,,,정산명세에 없음(전량 미정산),44063065,461713340664,2026-02-25 18:45,2026-02-26 09:47,2026-02-26 10:25,집하+도착+하차,0,11940,2026-02-26,①하차일(제3자),161,91~180일
2026-05-29,132855408,이천4,35373956,"오하이 EZ툴 아이폰 풀커버 사생활보호 프라이버시 강화유리필름 2매, 아이폰 13 프로맥스, 1세트",1,0,1,11940,11940,0,,,계산서 미발행(전량 미정산),47283633,462551161435,2026-06-08 19:04,2026-06-09 12:18,,집하+도착,0,11940,2026-06-09,②센터도착일(제3자),58,31~60일
2026-06-12,134057805,동탄1,41555878,"오하이 EZ툴 풀커버 사생활보호 프라이버시 강화유리 휴대폰 액정보호필름 2매, 아이폰 15 플러스, 1세트",2,1,1,11940,11940,11940,30050589,2026-08-14,정산됨(일부),47528735,462608191194;462608193482,2026-06-16 18:18,2026-06-17 10:45,2026-06-17 13:59,집하+도착+하차,1,11940,2026-06-17,①하차일(제3자),50,31~60일
2026-07-08,136309026,시흥2,41555878,"오하이 EZ툴 풀커버 사생활보호 프라이버시 강화유리 휴대폰 액정보호필름 2매, 아이폰 15 플러스, 1세트",1,0,1,11940,11940,0,,,정산명세에 없음(전량 미정산),48441135,462828934341,2026-07-13 19:06,2026-07-14 12:45,2026-07-14 14:46,집하+도착+하차,0,11940,2026-07-14,①하차일(제3자),23,0~30일
2026-07-09,136435977,대구3,35373967,"오하이 EZ툴 아이폰 풀커버 사생활보호 프라이버시 강화유리필름 2매, 아이폰 12 미니, 1세트",1,0,1,11940,11940,0,,,정산명세에 없음(전량 미정산),48441426,462829002451,2026-07-13 19:05,2026-07-14 11:05,2026-07-14 15:52,집하+도착+하차,0,11940,2026-07-14,①하차일(제3자),23,0~30일
2025-08-21,111351046,고양1,50342950,"오하이 풀커버 강화유리 액정보호필름2개 + EZ툴 제공, 아이폰16프로맥스",1,0,1,10740,10740,0,,,정산명세에 없음(전량 미정산),38721292,460165601862;460165606084;460165608243,2025-08-25 19:25,2025-08-28 16:28,2025-08-28 10:41,집하+도착+하차,0,10740,2025-08-28,①하차일(제3자),343,181~365일
2025-08-21,111351046,고양1,50342952,"오하이 풀커버 강화유리 액정보호필름2개 + EZ툴 제공, 아이폰16",1,0,1,10740,10740,0,,,정산명세에 없음(전량 미정산),38721292,460165601862;460165606084;460165608243,2025-08-25 19:25,2025-08-28 16:28,2025-08-28 10:41,집하+도착+하차,0,10740,2025-08-28,①하차일(제3자),343,181~365일
2025-09-05,112597865,창원3,27686154,"오하이 풀커버 강화유리 액정보호필름 + 이지솔루션 제공, 2개, 아이폰14",11,10,1,10740,10740,107400,26970627,2025-11-10,정산됨(일부),39161159,460274016226;460274016230;460274016241;460274016252,2025-09-08 20:02,2025-09-10 10:18,2025-09-11 14:33,집하+도착+하차,10,10740,2025-09-11,①하차일(제3자),329,181~365일
2025-09-15,113350160,서울,39017751,"오하이 풀커버 강화유리 액정보호필름 + 이지솔루션 제공, 2개, 아이폰15플러스",1,0,1,10740,10740,0,,,정산명세에 없음(전량 미정산),39552942,460380858000;460380858011;460380858022,2025-09-19 18:09,2025-09-25 11:45,2025-09-25 10:47,집하+도착+하차,0,10740,2025-09-25,①하차일(제3자),315,181~365일
2025-09-15,113350832,창원4,39017751,"오하이 풀커버 강화유리 액정보호필름 + 이지솔루션 제공, 2개, 아이폰15플러스",1,0,1,10740,10740,0,,,정산명세에 없음(전량 미정산),39553256,460380945312;460380947165,2025-09-19 18:09,2025-09-25 10:41,2025-09-27 09:52,집하+도착+하차,0,10740,2025-09-27,①하차일(제3자),313,181~365일
2025-09-28,114370547,고양1,39017747,"오하이 풀커버 강화유리 액정보호필름 + 이지솔루션 제공, 2개, 아이폰15",41,40,1,10740,10740,429600,27295681,2025-12-03,정산됨(일부),39881327,460500398853;460500398864;460500398875;460500398886;460500398890,2025-10-01 19:36,2025-10-04 15:31,2025-10-04 09:55,집하+도착+하차,40,10740,2025-10-04,①하차일(제3자),306,181~365일
2025-11-06,117219354,전라광주4,55701817,"오하이 풀커버 강화유리 액정보호필름 + 이지솔루션 제공, 2매1세트, 갤럭시S25 울트라",2,1,1,10740,10740,10740,27684833,2026-01-09,정산됨(일부),40885608,460777294342,2025-11-07 18:35,2025-11-08 08:34,2025-11-10 14:24,집하+도착+하차,1,10740,2025-11-10,①하차일(제3자),269,181~365일
2025-11-19,118154456,인천32,50342949,"오하이 풀커버 강화유리 액정보호필름2개 + EZ툴 제공, 아이폰16프로",28,27,1,10740,10740,289980,27865244,2026-01-22,정산됨(일부),41331489,460903014073;460903018623,2025-11-21 18:29,2025-11-22 12:04,2025-11-23 03:16,집하+도착+하차,27,10740,2025-11-23,①하차일(제3자),256,181~365일
2025-11-21,118355646,인천4,62178971,오하이 풀커버 강화유리 휴대폰 액정보호필름 2p + EZ 툴 세트 아이폰17 1세트,119,118,1,10740,10740,1267320,27888053;27899821,2026-01-23;2026-01-26,정산됨(일부),41363488,460916010240;460916010251;460916010262;460916010273;460916010284,2025-11-24 18:59,2025-11-27 11:21,2025-11-27 10:33,집하+도착+하차,118,10740,2025-11-27,①하차일(제3자),252,181~365일
2025-12-25,120917675,인천14,19454771,"오하이 풀커버 강화유리 액정보호필름2개 + EZ툴 제공, 아이폰12/12프로",31,30,1,10740,10740,322200,28343760,2026-03-06,정산됨(일부),42569635,461256992906;461256992910;461256992921;461256992932,2026-01-05 19:16,2026-01-06 12:32,2026-01-06 13:26,집하+도착+하차,30,10740,2026-01-06,①하차일(제3자),212,181~365일
2026-01-02,121363635,경기광주1,62178971,오하이 풀커버 강화유리 휴대폰 액정보호필름 2p + EZ 툴 세트 아이폰17 1세트,17,16,1,10740,10740,171840,28365640,2026-03-06,정산됨(일부),42633422,461281749526,2026-01-06 19:03,2026-01-07 12:13,2026-01-07 13:47,집하+도착+하차,16,10740,2026-01-07,①하차일(제3자),211,181~365일
2026-01-29,123619321,인천28,19454771,"오하이 풀커버 강화유리 액정보호필름2개 + EZ툴 제공, 아이폰12/12프로",11,10,1,10740,10740,107400,28681044,2026-04-07,정산됨(일부),43490339,461520860905;461520863064,2026-02-03 18:55,2026-02-05 10:54,2026-02-06 20:39,집하+도착+하차,10,10740,2026-02-06,①하차일(제3자),181,181~365일
2026-03-09,126174897,서울,50342949,"오하이 풀커버 강화유리 액정보호필름2개 + EZ툴 제공, 아이폰16프로",42,41,1,10740,10740,440340,29015458;29089021,2026-05-15,정산됨(일부),44540706,461854887314,2026-03-16 18:58,2026-03-17 11:53,2026-03-17 10:35,집하+도착+하차,41,10740,2026-03-17,①하차일(제3자),142,91~180일
2026-03-25,127563275,대구3,39017749,"오하이 풀커버 강화유리 액정보호필름 + 이지솔루션 제공, 2개, 아이폰15프로",14,13,1,10740,10740,139620,29165295,2026-05-29,정산됨(일부),45021095,461993678134;461993686302,2026-03-30 18:42,2026-03-31 12:27,2026-03-31 16:36,집하+도착+하차,13,10740,2026-03-31,①하차일(제3자),128,91~180일
2026-03-27,127711266,동탄1,39017751,"오하이 풀커버 강화유리 액정보호필름 + 이지솔루션 제공, 2개, 아이폰15플러스",1,0,1,10740,10740,0,,,정산명세에 없음(전량 미정산),45022383,461994194793,2026-03-30 18:42,2026-03-31 12:13,,집하+도착,0,10740,2026-03-31,②센터도착일(제3자),128,91~180일
2026-04-03,128283448,고양1,39017751,"오하이 풀커버 강화유리 액정보호필름 + 이지솔루션 제공, 2개, 아이폰15플러스",1,0,1,10740,10740,0,,,정산명세에 없음(전량 미정산),45251546,462054497100;462054499826,2026-04-06 19:10,2026-04-07 14:40,2026-04-07 11:40,집하+도착+하차,0,10740,2026-04-07,①하차일(제3자),121,91~180일
2026-05-08,131035242,인천32,18371042,"오하이 풀커버 강화유리 액정보호필름2개 + EZ툴 제공, 아이폰13프로맥스",8,7,1,10740,10740,75180,29612469,2026-07-10,정산됨(일부),46313178,462316595661;462316598192;462316600303,2026-05-08 19:17,2026-05-13 12:33,2026-05-16 01:42,집하+도착+하차,7,10740,2026-05-16,①하차일(제3자),82,61~90일
2026-06-05,133402531,인천4,39017754,"오하이 풀커버 강화유리 액정보호필름 + 이지솔루션 제공, 2개, 아이폰15프로맥스",62,61,1,10740,10740,655140,29939078,2026-08-07,정산됨(일부),47281616,462550053814;462550057686;462550061013,2026-06-08 18:57,2026-06-09 15:55,2026-06-09 14:13,집하+도착+하차,61,10740,2026-06-09,①하차일(제3자),58,31~60일
2026-06-02,133219455,동탄1,39017749,"오하이 풀커버 강화유리 액정보호필름 + 이지솔루션 제공, 2개, 아이폰15프로",1,0,1,10740,10740,0,,,정산명세에 없음(전량 미정산),47283027,462550868430,2026-06-08 19:03,2026-06-09 12:28,2026-06-09 11:59,집하+도착+하차,0,10740,2026-06-09,①하차일(제3자),58,31~60일
2026-05-29,132855408,이천4,27686157,"오하이 풀커버 강화유리 액정보호필름 + 이지솔루션 제공, 2개, 아이폰14프로맥스",1,0,1,10740,10740,0,,,계산서 미발행(전량 미정산),47283633,462551161435,2026-06-08 19:04,2026-06-09 12:18,,집하+도착,0,10740,2026-06-09,②센터도착일(제3자),58,31~60일
2026-07-10,136497707,대구3,19454771,"오하이 풀커버 강화유리 액정보호필름2개 + EZ툴 제공, 아이폰12/12프로",1,0,1,10740,10740,0,,,정산명세에 없음(전량 미정산),48441426,462829002451,2026-07-13 19:05,2026-07-14 11:05,2026-07-14 15:52,집하+도착+하차,0,10740,2026-07-14,①하차일(제3자),23,0~30일
2026-03-13,126502203,이천4,37350956,오하이 갤럭시 Z플립 5 저반사 지문방지 풀커버 액정보호필름 내부3매+외부3매 1세트,2,1,1,10700,10700,10700,29026809,2026-05-15,정산됨(일부),44540894,461854903414,2026-03-16 18:59,2026-03-17 11:20,2026-03-18 09:48,집하+도착+하차,1,10700,2026-03-18,①하차일(제3자),141,91~180일
2025-07-25,109166849,인천4,54737734,"오하이 아이패드 갤럭시탭 6H 유리코팅 방탄강화 블루라이트 차단 고투명 PET 액정보호필름 간편부착 2매, 갤럭시탭 S9FE 플러스 12.4인치, 1개",2,1,1,10140,10140,10140,26415643,2025-09-26,정산됨(일부),37905752,459890231942;459890234672,2025-07-29 18:36,2025-07-30 07:42,2025-07-30 09:19,집하+도착+하차,1,10140,2025-07-30,①하차일(제3자),372,366일+
2025-08-04,109955885,인천4,54737738,"오하이 아이패드 갤럭시탭 6H 유리코팅 방탄강화 블루라이트 차단 고투명 PET 액정보호필름 간편부착 2매, 갤럭시탭 S7 11인치, 1개",2,1,1,10140,10140,10140,26522336,2025-10-02,정산됨(일부),38160231,460029117553,2025-08-06 19:08,2025-08-07 08:26,2025-08-07 09:27,집하+도착+하차,1,10140,2025-08-07,①하차일(제3자),364,181~365일
2025-10-10,114995173,대구2,41911911,"오하이 지문방지 PET 무광필름 2매, 갤럭시 S24, 1세트",1,0,1,9600,9600,0,,,계산서 미발행(전량 미정산),40030218,460555183535;460555187024,2025-10-13 19:44,2025-10-15 12:32,2025-10-15 15:15,집하+도착+하차,0,9600,2025-10-15,①하차일(제3자),295,181~365일
2025-10-15,115340779,창원4,36758768,"오하이 지문방지 PET 무광필름 2매, 아이폰13프로맥스, 1세트",2,1,1,9600,9600,9600,27442270,2025-12-19,정산됨(일부),40285172,460620859230;460620859473,2025-10-21 18:55,2025-10-22 10:20,2025-10-22 13:25,집하+도착+하차,1,9600,2025-10-22,①하차일(제3자),288,181~365일
2026-03-25,127566387,이천4,65314216,"오하이 전면 3D 풀커버 TPU 지문방지 무광택 필름 + 부착 가이드툴, 아이폰 17, 3매입 1세트",1,0,1,9600,9600,0,,,계산서 미발행(전량 미정산),44984115,461977832072,2026-03-27 19:05,2026-03-28 08:35,,집하+도착,0,9600,2026-03-28,②센터도착일(제3자),131,91~180일
2026-06-02,133219375,대구3,65314217,"오하이 전면 3D 풀커버 TPU 지문방지 무광택 필름 + 부착 가이드툴 아이폰 17 Pro, 3매입 1세트",2,1,1,9600,9600,9600,29965334,2026-08-07,정산됨(일부),47282961,462550776590;462550783100,2026-06-08 18:56,2026-06-09 12:54,2026-06-09 23:23,집하+도착+하차,1,9600,2026-06-09,①하차일(제3자),58,31~60일
2026-05-29,132855408,이천4,21585981,오하이 전면 3D 풀커버 TPU 지문방지 액정보호필름 3p + 부착 가이드툴 세트 갤럭시 S22 1세트,1,0,1,9600,9600,0,,,계산서 미발행(전량 미정산),47283633,462551161435,2026-06-08 19:04,2026-06-09 12:18,,집하+도착,0,9600,2026-06-09,②센터도착일(제3자),58,31~60일
2026-05-29,132855408,이천4,31729104,"오하이 지문방지 PET 무광필름 2매, 갤럭시S23플러스, 1세트",1,0,1,9600,9600,0,,,계산서 미발행(전량 미정산),47283633,462551161435,2026-06-08 19:04,2026-06-09 12:18,,집하+도착,0,9600,2026-06-09,②센터도착일(제3자),58,31~60일
2025-07-22,108984115,인천36,41241005,"오하이 전면 3D 풀커버 TPU 지문방지 + 무광택 휴대폰 액정보호필름 3p + 부착 가이드툴, 아이폰 X/XS/11프로, 1세트",4,3,1,9540,9540,28620,26391293,2025-09-26,정산됨(일부),37830167,459867546574,2025-07-25 18:43,2025-07-26 07:42,2025-07-28 11:13,집하+도착+하차,3,9540,2025-07-28,①하차일(제3자),374,366일+
2025-08-04,109907583,인천32,41670025,"오하이 전면 3D 풀커버 TPU 지문방지 무광택 필름 3p + 부착 가이드툴, 갤럭시 S24플러스, 1세트",45,44,1,9540,9540,419760,26564877,2025-10-02,정산됨(일부),38157923,460028426653;460028430131;460028431424,2025-08-06 19:07,2025-08-07 11:15,2025-08-10 02:02,집하+도착+하차,44,9540,2025-08-10,①하차일(제3자),361,181~365일
2025-08-13,110689197,창원4,41241011,"오하이 전면 3D 풀커버 TPU 지문방지 + 무광택 휴대폰 액정보호필름 3p + 부착 가이드툴, 아이폰SE2/SE3, 1세트",1,0,1,9540,9540,0,,,정산명세에 없음(전량 미정산),38417031,460087480624,2025-08-18 19:35,2025-08-19 11:39,2025-08-21 09:33,집하+도착+하차,0,9540,2025-08-21,①하차일(제3자),350,181~365일
2025-08-11,110481364,대구6,41670010,"오하이 전면 3D 풀커버 TPU 지문방지 + 무광택 휴대폰 액정보호필름 3p + 부착 가이드툴, 갤럭시 S24울트라, 1세트",37,36,1,9540,9540,343440,26657486,2025-10-17,정산됨(일부),38439229,460089283625,2025-08-18 19:36,2025-08-19 13:42,2025-08-19 14:01,집하+도착+하차,36,9540,2025-08-19,①하차일(제3자),352,181~365일
2025-09-05,112597865,창원3,41670025,"오하이 전면 3D 풀커버 TPU 지문방지 무광택 필름 3p + 부착 가이드툴, 갤럭시 S24플러스, 1세트",31,30,1,9540,9540,286200,26942427,2025-11-07,정산됨(일부),39161159,460274016226;460274016230;460274016241;460274016252,2025-09-08 20:02,2025-09-10 10:18,2025-09-11 14:33,집하+도착+하차,30,9540,2025-09-11,①하차일(제3자),329,181~365일
2025-09-12,113201018,인천28,53854611,"오하이 전면 3D 풀커버 TPU 지문방지 + 무광택 휴대폰 액정보호필름 3p + 부착 가이드툴, 갤럭시 A16 5G, 1세트",10,9,1,9540,9540,85860,27139912,2025-11-17,정산됨(일부),39376667,460330567970;460330567981;460330567992;460330568003;460330568014,2025-09-15 19:16,2025-09-18 09:26,2025-09-18 15:10,집하+도착+하차,9,9540,2025-09-18,①하차일(제3자),322,181~365일
2025-11-28,118877927,안산3,42671147,"오하이 전면 3D 풀커버 TPU 지문방지 + 무광택 휴대폰 액정보호필름 3p + 부착 가이드툴, 삼성 갤럭시 S9, 1세트",1,0,1,9540,9540,0,,,정산명세에 없음(전량 미정산),41594911,460985693840;460985693851;460985693862;460985693873;460985693884,2025-12-02 17:54,2025-12-03 10:20,2025-12-04 17:30,집하+도착+하차,0,9540,2025-12-04,①하차일(제3자),245,181~365일
2026-03-13,126502203,이천4,41670004,"오하이 전면 3D 풀커버 TPU 지문방지 + 무광택 휴대폰 액정보호필름 3p + 부착 가이드툴, 갤럭시 S24, 1세트",1,0,1,9540,9540,0,,,정산명세에 없음(전량 미정산),44540894,461854903414,2026-03-16 18:59,2026-03-17 11:20,2026-03-18 09:48,집하+도착+하차,0,9540,2026-03-18,①하차일(제3자),141,91~180일
2026-05-29,132855408,이천4,40840077,"오하이 전면 3D 풀커버 TPU 지문방지 + 무광택 휴대폰 액정보호필름 3p + 부착 가이드툴, 아이폰14, 1세트",1,0,1,9540,9540,0,,,계산서 미발행(전량 미정산),47283633,462551161435,2026-06-08 19:04,2026-06-09 12:18,,집하+도착,0,9540,2026-06-09,②센터도착일(제3자),58,31~60일
2026-05-29,132855408,이천4,41670004,"오하이 전면 3D 풀커버 TPU 지문방지 + 무광택 휴대폰 액정보호필름 3p + 부착 가이드툴, 갤럭시 S24, 1세트",1,0,1,9540,9540,0,,,계산서 미발행(전량 미정산),47283633,462551161435,2026-06-08 19:04,2026-06-09 12:18,,집하+도착,0,9540,2026-06-09,②센터도착일(제3자),58,31~60일
2025-08-22,111416537,고양1,55707338,"오하이 전면 3D 풀커버 TPU 지문방지 + 무광택 휴대폰 액정보호필름 3p + 부착 가이드툴, 삼성 갤럭시 S25울트라, 1세트",41,40,1,9060,9060,362400,26763693,2025-10-24,정산됨(일부),38721292,460165601862;460165606084;460165608243,2025-08-25 19:25,2025-08-28 16:28,2025-08-28 10:41,집하+도착+하차,40,9060,2025-08-28,①하차일(제3자),343,181~365일
2026-06-12,134000991,대구3,48562249,"[10매]오하이 버디필름 장타 비거리스티커 드라이버 우드 헤드 보호 슬라이스방지 골프필름, 우드용, 1세트, 우드용 10매 88*30mm 단일색상",1,0,1,9000,9000,0,,,계산서 미발행(전량 미정산),47478372,462590765453;462590766606,2026-06-16 18:24,2026-06-17 12:37,2026-06-18 00:13,집하+도착+하차,0,9000,2026-06-18,①하차일(제3자),49,31~60일
2026-06-11,133930520,인천30,55013234,"[전기종]오하이 도어락 지문방지 사생활보호 범죄예방 문캅스필름 2매+간편부착, 1세트, 지문방지필름 단일상품",1,0,1,8600,8600,0,,,정산명세에 없음(전량 미정산),47479045,462590820764,2026-06-16 18:24,2026-06-17 11:12,2026-06-17 16:18,집하+도착+하차,0,8600,2026-06-17,①하차일(제3자),50,31~60일
2026-05-29,132855408,이천4,12424362,"오하이 풀커버 지문방지 무광택 액정보호필름 3매입, 갤럭시 노트20 울트라",1,0,1,8200,8200,0,,,계산서 미발행(전량 미정산),47283633,462551161435,2026-06-08 19:04,2026-06-09 12:18,,집하+도착,0,8200,2026-06-09,②센터도착일(제3자),58,31~60일
2025-09-12,113247676,인천14,57316041,"오하이 일미리 케이스 1mm 변색 없는 PC 하드 케이스, 아이폰 15플러스",1,0,1,8000,8000,0,,,정산명세에 없음(전량 미정산),39404080,460337727916;460337727920;460337727931;460337727942;460337727953;460337727964;460337727975,2025-09-16 18:40,2025-09-18 09:10,2025-09-18 09:20,집하+도착+하차,0,8000,2025-09-18,①하차일(제3자),322,181~365일
2026-02-11,124513934,시흥2,69517682,오하이 히든범퍼 하이브리드 소다 휴대폰 케이스 투명 Galaxy S26 Plus,10,9,1,8000,8000,72000,28750460,2026-04-15,정산됨(일부),43804985,461634289126,2026-02-13 18:45,2026-02-14 08:25,2026-02-14 10:33,집하+도착+하차,9,8000,2026-02-14,①하차일(제3자),173,91~180일
2026-02-05,124147620,이천4,11373209,"오하이 풀커버 지문방지 무광택 액정보호필름 2매입, 갤럭시 S20플러스",1,0,1,6960,6960,0,,,정산명세에 없음(전량 미정산),43623477,461561623666;461561629443,2026-02-06 18:58,2026-02-13 10:59,2026-02-13 14:24,집하+도착+하차,0,6960,2026-02-13,①하차일(제3자),174,91~180일
2026-05-29,132855408,이천4,11786547,"오하이 풀커버 지문방지 무광택 액정보호필름 2매입, 갤럭시 노트9",1,0,1,6960,6960,0,,,계산서 미발행(전량 미정산),47283633,462551161435,2026-06-08 19:04,2026-06-09 12:18,,집하+도착,0,6960,2026-06-09,②센터도착일(제3자),58,31~60일
2025-09-16,113466843,서울,50427106,"오하이 사생활보호 프라이버시 TPU 지문인식 휴대폰 액정보호필름 2매+간편부착 툴, 애플 아이폰 16, 1세트",1,0,1,6705,6705,0,,,정산명세에 없음(전량 미정산),39552942,460380858000;460380858011;460380858022,2025-09-19 18:09,2025-09-25 11:45,2025-09-25 10:47,집하+도착+하차,0,6705,2025-09-25,①하차일(제3자),315,181~365일
2026-05-29,132855408,이천4,55701378,"오하이 사생활보호 프라이버시 TPU 지문인식 휴대폰 액정보호필름 2매+간편부착 툴, 삼성 갤럭시 S25, 1세트",1,0,1,6705,6705,0,,,계산서 미발행(전량 미정산),47283633,462551161435,2026-06-08 19:04,2026-06-09 12:18,,집하+도착,0,6705,2026-06-09,②센터도착일(제3자),58,31~60일
2026-06-12,134057698,창원4,15328210,"오하이 갤럭시 저반사 지문방지 필름 2매입, 갤럭시S20FE",2,1,1,5900,5900,5900,30064022,2026-08-18,정산됨(일부),47534560,462608981236,2026-06-16 18:24,2026-06-17 12:45,2026-06-19 10:45,집하+도착+하차,1,5900,2026-06-19,①하차일(제3자),48,31~60일
2026-04-16,129308880,창원4,65568322,오하이 갤럭시워치 캐쥬얼 실리콘 스트랩 밴드 20mm 다크그린 갤럭시워치 1개,2,1,1,5655,5655,5655,29429173,2026-06-23,정산됨(일부),45721435,462174585283;462174588982,2026-04-20 19:26,2026-04-21 10:41,2026-04-23 12:53,집하+도착+하차,1,5655,2026-04-23,①하차일(제3자),105,91~180일
2026-05-29,132855408,이천4,65568322,오하이 갤럭시워치 캐쥬얼 실리콘 스트랩 밴드 20mm 다크그린 갤럭시워치 1개,1,0,1,5655,5655,0,,,계산서 미발행(전량 미정산),47283633,462551161435,2026-06-08 19:04,2026-06-09 12:18,,집하+도착,0,5655,2026-06-09,②센터도착일(제3자),58,31~60일
