adgroup_id,bep_g,product_count
grp-a001-02-000000043610882,1.4204,33
grp-a001-02-000000043610925,1.4264,34
grp-a001-02-000000043610930,1.2234,122
grp-a001-02-000000043615764,1.4204,15
grp-a001-02-000000044108257,1.5005,4
grp-a001-02-000000044108615,1.4204,6
grp-a001-02-000000044108616,1.5021,1
grp-a001-02-000000044299892,1.5002,1
grp-a001-02-000000044299955,1.4604,1
grp-a001-02-000000044299975,1.5106,1
grp-a001-02-000000044300022,1.4323,3
grp-a001-02-000000044300024,1.4293,2
grp-a001-02-000000044300027,1.4642,2
grp-a001-02-000000044300450,1.5022,1
grp-a001-02-000000044300513,1.4814,1
grp-a001-02-000000044490481,1.556,7
grp-a001-02-000000044490484,1.5379,8
grp-a001-02-000000044601438,1.5001,4
grp-a001-02-000000044601555,1.4916,4
grp-a001-02-000000044603941,1.5366,3
grp-a001-02-000000044603942,1.4566,3
grp-a001-02-000000044628749,1.5125,5
grp-a001-02-000000044743916,1.5035,5
grp-a001-02-000000044743917,1.5939,4
grp-a001-02-000000044743918,1.5035,5
grp-a001-02-000000044743919,1.5035,6
grp-a001-02-000000044744110,1.5939,3
grp-a001-02-000000044744111,1.5818,2
grp-a001-02-000000044744526,1.5939,1
grp-a001-02-000000044823468,1.5781,4
grp-a001-02-000000044825994,1.3849,5
grp-a001-02-000000044952212,1.7148,5
grp-a001-02-000000044952305,1.6042,6
grp-a001-02-000000045023176,1.4144,6
grp-a001-02-000000045023177,1.403,8
grp-a001-02-000000045023993,1.4989,4
grp-a001-02-000000045025481,1.507,2
grp-a001-02-000000045025482,1.435,2
grp-a001-02-000000045025483,1.4168,5
grp-a001-02-000000045087060,1.9071,2
grp-a001-02-000000045087074,1.6088,1
grp-a001-02-000000045329157,1.7993,4
grp-a001-02-000000045448744,1.8333,1
grp-a001-02-000000045687119,1.7463,2
grp-a001-02-000000045811975,1.4982,1
grp-a001-02-000000045949118,1.9451,2
grp-a001-02-000000045949119,1.9496,1
grp-a001-02-000000045949120,1.6042,1
grp-a001-02-000000045949121,1.6088,1
grp-a001-02-000000046072248,1.5125,8
grp-a001-02-000000046072553,1.7581,8
grp-a001-02-000000046072554,1.5584,7
grp-a001-02-000000046074558,1.7635,1
grp-a001-02-000000046074559,1.7847,1
grp-a001-02-000000046125958,1.8864,1
grp-a001-02-000000046125983,1.6088,1
grp-a001-02-000000046126151,1.9543,1
grp-a001-02-000000046126174,1.7855,1
grp-a001-02-000000046126176,1.514,1
grp-a001-02-000000046126252,1.9733,1
grp-a001-02-000000046126256,1.8065,1
grp-a001-02-000000046126369,1.8849,1
grp-a001-02-000000046126373,1.7334,1
grp-a001-02-000000046161213,1.9435,3
grp-a001-02-000000046161215,1.7517,3
grp-a001-02-000000046222149,1.9075,2
grp-a001-02-000000046222157,1.9075,2
grp-a001-02-000000046223421,1.841,3
grp-a001-02-000000046224017,1.9422,3
grp-a001-02-000000046224018,1.9334,5
grp-a001-02-000000046224076,2.1912,1
grp-a001-02-000000046224077,2.3227,1
grp-a001-02-000000046415318,1.8209,3
grp-a001-02-000000046415341,1.6946,3
grp-a001-02-000000046437508,1.4185,1
grp-a001-02-000000046838302,1.9159,2
grp-a001-02-000000046838304,1.7706,1
grp-a001-02-000000046838305,1.6946,2
grp-a001-02-000000047005161,1.625,1
grp-a001-02-000000047005364,1.4885,1
grp-a001-02-000000047076131,1.8724,1
grp-a001-02-000000047076159,1.5716,1
grp-a001-02-000000047076722,1.8557,1
grp-a001-02-000000047076723,1.8724,1
grp-a001-02-000000047076737,1.5716,1
grp-a001-02-000000047076738,1.8724,1
grp-a001-02-000000047076745,1.7274,2
grp-a001-02-000000047076797,1.8396,3
grp-a001-02-000000047076945,1.6499,3
grp-a001-02-000000047076946,1.7512,5
grp-a001-02-000000047077161,1.8095,4
grp-a001-02-000000047485224,1.3977,14
grp-a001-02-000000049350416,1.8724,1
grp-a001-02-000000049354013,1.5716,1
grp-a001-02-000000051215431,1.8209,3
grp-a001-02-000000051215435,1.6946,3
grp-a001-02-000000052193550,1.2497,3
grp-a001-02-000000052193556,1.2423,2
grp-a001-02-000000052193617,1.2423,3
grp-a001-02-000000052193624,1.2423,4
grp-a001-02-000000052193631,1.3714,3
grp-a001-02-000000052350984,1.3306,20
grp-a001-02-000000052819145,1.3535,2
grp-a001-02-000000053481812,2.0955,1
grp-a001-02-000000053481831,2.0769,1
grp-a001-02-000000053481892,2.2159,1
grp-a001-02-000000053481974,1.8295,1
grp-a001-02-000000053482043,2.0769,1
grp-a001-02-000000053482102,2.2159,1
grp-a001-02-000000053482158,2.0769,1
grp-a001-02-000000053482203,1.9334,1
grp-a001-02-000000054204201,1.7106,1
grp-a001-02-000000054212607,1.2423,69
grp-a001-02-000000054282282,2.7546,1
grp-a001-02-000000054530371,1.5028,1
grp-a001-02-000000054536931,1.613,2
grp-a001-02-000000054537415,1.4264,14
grp-a001-02-000000054537529,1.5005,1
grp-a001-02-000000054537533,1.4168,1
grp-a001-02-000000054537767,1.7765,2
grp-a001-02-000000054538147,1.4204,1
grp-a001-02-000000054607977,1.2423,3
grp-a001-02-000000054608016,1.3503,2
grp-a001-02-000000055045417,1.5028,1
grp-a001-02-000000055074537,2.0477,2
grp-a001-02-000000055074671,1.9491,2
grp-a001-02-000000055087285,1.7343,2
grp-a001-02-000000055116659,1.2423,72
grp-a001-02-000000055116668,1.3977,88
grp-a001-02-000000055116672,1.4258,84
grp-a001-02-000000055116677,1.2234,68
grp-a001-02-000000055116682,1.4264,35
grp-a001-02-000000055116686,1.4204,26
grp-a001-02-000000055386434,1.8058,2
grp-a001-02-000000056537604,1.3977,14
grp-a001-02-000000058709325,1.5939,1
grp-a001-02-000000058709513,1.504,1
grp-a001-02-000000058709674,1.5448,2
grp-a001-02-000000059252905,1.3867,1
grp-a001-02-000000059808403,1.3977,14
grp-a001-02-000000059809116,1.5125,5
grp-a001-02-000000059810135,1.8583,3
grp-a001-02-000000059810410,1.8561,3
grp-a001-02-000000059811691,1.8379,1
grp-a001-02-000000059812037,1.4144,6
grp-a001-02-000000059812606,1.8704,1
grp-a001-02-000000059817936,1.403,8
grp-a001-02-000000059819724,1.8714,1
grp-a001-02-000000059819800,1.8467,1
grp-a001-02-000000059820721,1.5125,5
grp-a001-02-000000059820722,1.5125,5
grp-a001-02-000000059820848,1.5087,1
grp-a001-02-000000059820884,1.5021,1
grp-a001-02-000000059820913,1.5042,1
grp-a001-02-000000059820923,1.8583,3
grp-a001-02-000000059820925,1.8583,3
grp-a001-02-000000059820931,1.5115,1
grp-a001-02-000000059820953,1.502,1
grp-a001-02-000000059820960,1.475,1
grp-a001-02-000000059820987,1.4687,1
grp-a001-02-000000059820998,1.4369,1
grp-a001-02-000000059821015,1.5817,1
grp-a001-02-000000059821023,1.5693,1
grp-a001-02-000000059821034,1.4989,1
grp-a001-02-000000059821054,1.5618,1
grp-a001-02-000000059821088,1.5536,1
grp-a001-02-000000059821217,1.5708,1
grp-a001-02-000000059821232,1.3867,1
grp-a001-02-000000059821852,1.8333,1
grp-a001-02-000000059821874,1.6894,1
grp-a001-02-000000059821962,1.9694,1
grp-a001-02-000000059822073,1.8561,3
grp-a001-02-000000059822154,1.8561,3
grp-a001-02-000000059822246,1.403,8
grp-a001-02-000000059822251,1.4144,6
grp-a001-02-000000059822273,1.4144,6
grp-a001-02-000000059822914,1.5175,1
grp-a001-02-000000059823013,1.403,8
grp-a001-02-000000059824059,1.8646,1
grp-a001-02-000000059826423,1.9397,1
grp-a001-02-000000059826577,1.5035,1
grp-a001-02-000000059826628,1.435,1
grp-a001-02-000000059827137,1.4268,1
grp-a001-02-000000059827296,1.5035,1
grp-a001-02-000000059827297,1.5035,1
grp-a001-02-000000059827298,1.5035,1
grp-a001-02-000000059828242,1.441,1
grp-a001-02-000000059828246,1.3977,1
grp-a001-02-000000059828464,1.5035,1
grp-a001-02-000000059828469,1.4264,1
grp-a001-02-000000059828556,1.5035,1
grp-a001-02-000000059829132,1.5035,1
grp-a001-02-000000059829228,1.5035,1
grp-a001-02-000000059829872,1.403,1
grp-a001-02-000000059829962,1.4813,1
grp-a001-02-000000059830517,1.5806,1
grp-a001-02-000000059830521,1.5929,1
grp-a001-02-000000059830530,1.5348,1
grp-a001-02-000000059830538,1.5742,1
grp-a001-02-000000059830547,1.5001,1
grp-a001-02-000000059830552,1.5961,1
grp-a001-02-000000059830874,1.3306,17
grp-a001-02-000000059830952,1.5291,7
grp-a001-02-000000059832147,1.8252,1
grp-a001-02-000000059832150,1.6526,1
grp-a001-02-000000059832206,1.5366,1
grp-a001-02-000000059832280,1.6375,1
grp-a001-02-000000059832332,1.5884,1
grp-a001-02-000000059832344,1.4566,1
grp-a001-02-000000059832490,1.6229,1
grp-a001-02-000000059832492,1.6406,1
grp-a001-02-000000059879629,1.5846,1
grp-a001-02-000000059879675,1.639,1
grp-a001-02-000000059879687,1.5813,1
grp-a001-02-000000059880038,1.6377,1
grp-a001-02-000000061878144,1.4009,36
grp-a001-02-000000062947038,1.5024,1
grp-a001-02-000000062947040,1.5006,1
grp-a001-02-000000062947041,1.4722,1
grp-a001-02-000000063096531,1.4722,8
grp-a001-02-000000065140028,1.5852,1
grp-a001-02-000000070109620,1.9887,1
grp-a001-02-000000070451363,1.9802,1
grp-a001-02-000000070523564,1.9735,1
grp-a001-02-000000070523694,1.6132,1
grp-a001-02-000000070833125,1.6793,1
grp-a001-02-000000070833126,1.7219,1
grp-a001-02-000000070833127,1.7312,1
grp-a001-02-000000070991863,1.7219,2
grp-a001-02-000000070992078,1.7312,2
grp-a001-02-000000070992116,1.6793,2
