adgroup_id,campaign_type,cost,conv_amt,bep_g,product_count,ad_profit_account,ad_profit_prod,band_account,band_prod,diverges
grp-a001-01-000000031116306,WEB_SITE,548692,8228740,,,4260624.19,,band1,not_judged_no_bep,False
grp-a001-01-000000031175118,WEB_SITE,312020,802250,,,156857.85,,band1,not_judged_no_bep,False
grp-a001-01-000000031176101,WEB_SITE,218882,610750,,,138073.0,,band1,not_judged_no_bep,False
grp-a001-01-000000031176229,WEB_SITE,133640,318510,,,52514.3,,band1,not_judged_no_bep,False
grp-a001-01-000000031185769,WEB_SITE,82090,308100,,,97980.13,,band1,not_judged_no_bep,False
grp-a001-01-000000031185770,WEB_SITE,20670,35910,,,317.73,,band2,not_judged_no_bep,False
grp-a001-01-000000031185773,WEB_SITE,21520,99400,,,36574.68,,band1,not_judged_no_bep,False
grp-a001-01-000000031186688,WEB_SITE,40180,130410,,,36038.59,,band1,not_judged_no_bep,False
grp-a001-01-000000032245671,WEB_SITE,690520,1496530,,,184132.25,,band1,not_judged_no_bep,False
grp-a001-01-000000037423343,WEB_SITE,234450,525600,,,72738.78,,band1,not_judged_no_bep,False
grp-a001-01-000000037423348,WEB_SITE,477740,419020,,,-232842.28,,band3,not_judged_no_bep,False
grp-a001-01-000000037423351,WEB_SITE,133990,85530,,,-84001.69,,band3,not_judged_no_bep,False
grp-a001-01-000000037423354,WEB_SITE,585014,1573150,,,334419.08,,band1,not_judged_no_bep,False
grp-a001-01-000000037423356,WEB_SITE,553480,1022030,,,43849.05,,band2,not_judged_no_bep,False
grp-a001-01-000000037423624,WEB_SITE,197502,452800,,,67138.56,,band1,not_judged_no_bep,False
grp-a001-01-000000037423628,WEB_SITE,53120,285230,,,113583.68,,band1,not_judged_no_bep,False
grp-a001-01-000000037423635,WEB_SITE,236711,623130,,,127479.53,,band1,not_judged_no_bep,False
grp-a001-01-000000037423636,WEB_SITE,213742,452830,,,50916.09,,band1,not_judged_no_bep,False
grp-a001-01-000000037840548,WEB_SITE,177937,361100,,,33109.17,,band2,not_judged_no_bep,False
grp-a001-01-000000037842041,WEB_SITE,32651,73600,,,10364.78,,band1,not_judged_no_bep,False
grp-a001-01-000000038737184,WEB_SITE,165270,439200,,,91421.99,,band1,not_judged_no_bep,False
grp-a001-01-000000038737213,WEB_SITE,129300,516250,,,172424.14,,band1,not_judged_no_bep,False
grp-a001-01-000000038737226,WEB_SITE,76090,63600,,,-38918.76,,band3,not_judged_no_bep,False
grp-a001-01-000000038769329,WEB_SITE,20740,37800,,,1352.34,,band2,not_judged_no_bep,False
grp-a001-01-000000038769330,WEB_SITE,40780,186900,,,68454.37,,band1,not_judged_no_bep,False
grp-a001-01-000000038769331,WEB_SITE,54490,115510,,,13020.23,,band1,not_judged_no_bep,False
grp-a001-01-000000038769333,WEB_SITE,43680,64500,,,-5982.75,,band3,not_judged_no_bep,False
grp-a001-01-000000038934985,WEB_SITE,483630,544600,,,-165336.6,,band3,not_judged_no_bep,False
grp-a001-01-000000038934999,WEB_SITE,131580,253810,,,16760.15,,band2,not_judged_no_bep,False
grp-a001-01-000000038935115,WEB_SITE,48410,111300,,,16639.68,,band1,not_judged_no_bep,False
grp-a001-01-000000040080458,WEB_SITE,145072,425710,,,103735.71,,band1,not_judged_no_bep,False
grp-a001-01-000000040080459,WEB_SITE,164810,618540,,,196697.89,,band1,not_judged_no_bep,False
grp-a001-01-000000040173278,WEB_SITE,825764,1406800,,,-3554.77,,band2,not_judged_no_bep,False
grp-a001-01-000000040173279,WEB_SITE,205340,552200,,,117395.24,,band1,not_judged_no_bep,False
grp-a001-01-000000040173283,WEB_SITE,166366,306200,,,12593.67,,band2,not_judged_no_bep,False
grp-a001-01-000000040173285,WEB_SITE,105050,166100,,,-7972.27,,band3,not_judged_no_bep,False
grp-a001-01-000000040173291,WEB_SITE,69370,139300,,,12044.38,,band2,not_judged_no_bep,False
grp-a001-01-000000040173293,WEB_SITE,77301,178900,,,27257.74,,band1,not_judged_no_bep,False
grp-a001-01-000000040189692,WEB_SITE,185370,439840,,,71696.04,,band1,not_judged_no_bep,False
grp-a001-01-000000040189693,WEB_SITE,424067,1330020,,,353267.89,,band1,not_judged_no_bep,False
grp-a001-01-000000040189696,WEB_SITE,168200,378030,,,52740.97,,band1,not_judged_no_bep,False
grp-a001-01-000000040211251,WEB_SITE,70020,157410,,,21978.83,,band1,not_judged_no_bep,False
grp-a001-01-000000040284140,WEB_SITE,105290,253600,,,42927.42,,band1,not_judged_no_bep,False
grp-a001-01-000000040284151,WEB_SITE,27920,85500,,,22050.78,,band1,not_judged_no_bep,False
grp-a001-01-000000042724551,WEB_SITE,35360,79500,,,11104.06,,band1,not_judged_no_bep,False
grp-a001-01-000000042969517,WEB_SITE,131940,165900,,,-34979.16,,band3,not_judged_no_bep,False
grp-a001-01-000000042969832,WEB_SITE,34664,0,,,-34664.0,,band3,not_judged_no_bep,False
grp-a001-01-000000043502507,WEB_SITE,203170,407780,,,35158.46,,band2,not_judged_no_bep,False
grp-a001-01-000000043935093,WEB_SITE,42250,298200,,,132034.04,,band1,not_judged_no_bep,False
grp-a001-01-000000044377702,WEB_SITE,10820,15900,,,-1527.19,,band3,not_judged_no_bep,False
grp-a001-01-000000044378320,WEB_SITE,6720,15900,,,2572.81,,band1,not_judged_no_bep,False
grp-a001-01-000000044807690,WEB_SITE,1293400,2960120,,,436652.6,,band1,not_judged_no_bep,False
grp-a001-01-000000044807691,WEB_SITE,60600,190000,,,50446.17,,band1,not_judged_no_bep,False
grp-a001-01-000000044808405,WEB_SITE,202950,822800,,,277938.37,,band1,not_judged_no_bep,False
grp-a001-01-000000044808498,WEB_SITE,186663,500100,,,105622.21,,band1,not_judged_no_bep,False
grp-a001-01-000000044808499,WEB_SITE,49740,113300,,,16478.59,,band1,not_judged_no_bep,False
grp-a001-01-000000044808500,WEB_SITE,23860,111300,,,41189.68,,band1,not_judged_no_bep,False
grp-a001-01-000000045692018,WEB_SITE,28670,132120,,,48548.0,,band1,not_judged_no_bep,False
grp-a001-01-000000045694026,WEB_SITE,10980,19800,,,592.18,,band2,not_judged_no_bep,False
grp-a001-01-000000045800955,WEB_SITE,514680,2101990,,,713835.49,,band1,not_judged_no_bep,False
grp-a001-01-000000045802263,WEB_SITE,160100,459000,,,108164.17,,band1,not_judged_no_bep,False
grp-a001-01-000000045920162,WEB_SITE,135660,545410,,,183106.8,,band1,not_judged_no_bep,False
grp-a001-01-000000046127917,WEB_SITE,66020,79500,,,-19555.94,,band3,not_judged_no_bep,False
grp-a001-01-000000046132066,WEB_SITE,15749,47700,,,12129.43,,band1,not_judged_no_bep,False
grp-a001-01-000000046416698,WEB_SITE,34301,111000,,,30573.34,,band1,not_judged_no_bep,False
grp-a001-01-000000046416699,WEB_SITE,179552,291800,,,-9008.46,,band3,not_judged_no_bep,False
grp-a001-01-000000046416701,WEB_SITE,69647,92120,,,-15807.14,,band3,not_judged_no_bep,False
grp-a001-01-000000046416702,WEB_SITE,31243,75100,,,12649.46,,band1,not_judged_no_bep,False
grp-a001-01-000000046436514,WEB_SITE,3720,44310,,,22177.14,,band1,not_judged_no_bep,False
grp-a001-01-000000046475854,WEB_SITE,135600,461420,,,134078.55,,band1,not_judged_no_bep,False
grp-a001-01-000000046477597,WEB_SITE,29350,95400,,,26406.87,,band1,not_judged_no_bep,False
grp-a001-01-000000046478478,WEB_SITE,7040,15900,,,2252.81,,band1,not_judged_no_bep,False
grp-a001-01-000000046480952,WEB_SITE,4900,31800,,,13685.62,,band1,not_judged_no_bep,False
grp-a001-01-000000046483564,WEB_SITE,84070,302610,,,92791.48,,band1,not_judged_no_bep,False
grp-a001-01-000000046507364,WEB_SITE,98840,124020,,,-26356.07,,band3,not_judged_no_bep,False
grp-a001-01-000000046578743,WEB_SITE,140190,557500,,,185642.85,,band1,not_judged_no_bep,False
grp-a001-01-000000046579761,WEB_SITE,73244,220210,,,55458.51,,band1,not_judged_no_bep,False
grp-a001-01-000000046581751,WEB_SITE,73460,317400,,,112045.55,,band1,not_judged_no_bep,False
grp-a001-01-000000046583926,WEB_SITE,46130,172720,,,54816.81,,band1,not_judged_no_bep,False
grp-a001-01-000000046584475,WEB_SITE,27820,205110,,,92057.26,,band1,not_judged_no_bep,False
grp-a001-01-000000046585858,WEB_SITE,20580,47700,,,7298.43,,band1,not_judged_no_bep,False
grp-a001-01-000000046588417,WEB_SITE,26630,209700,,,95929.91,,band1,not_judged_no_bep,False
grp-a001-01-000000046645092,WEB_SITE,231790,698930,,,176702.11,,band1,not_judged_no_bep,False
grp-a001-01-000000046646662,WEB_SITE,82739,283710,,,83076.31,,band1,not_judged_no_bep,False
grp-a001-01-000000046646763,WEB_SITE,102720,156000,,,-11545.25,,band3,not_judged_no_bep,False
grp-a001-01-000000046742693,WEB_SITE,126560,324510,,,63101.02,,band1,not_judged_no_bep,False
grp-a001-01-000000046807499,WEB_SITE,30370,47700,,,-2491.57,,band3,not_judged_no_bep,False
grp-a001-01-000000046834534,WEB_SITE,8640,46900,,,18770.87,,band1,not_judged_no_bep,False
grp-a001-01-000000046835241,WEB_SITE,17941,31800,,,644.62,,band2,not_judged_no_bep,False
grp-a001-01-000000046835750,WEB_SITE,83860,221800,,,45771.79,,band1,not_judged_no_bep,False
grp-a001-01-000000046837921,WEB_SITE,20640,31800,,,-2054.38,,band3,not_judged_no_bep,False
grp-a001-01-000000046838157,WEB_SITE,11780,0,,,-11780.0,,band4_unjudgeable,not_judged_no_bep,False
grp-a001-01-000000046838297,WEB_SITE,7870,0,,,-7870.0,,band4_unjudgeable,not_judged_no_bep,False
grp-a001-01-000000046838896,WEB_SITE,540,0,,,-540.0,,band4_unjudgeable,not_judged_no_bep,False
grp-a001-01-000000046839132,WEB_SITE,14370,79500,,,32094.06,,band1,not_judged_no_bep,False
grp-a001-01-000000046839232,WEB_SITE,12630,47700,,,15248.43,,band1,not_judged_no_bep,False
grp-a001-01-000000046904555,WEB_SITE,27560,101510,,,31767.88,,band1,not_judged_no_bep,False
grp-a001-01-000000046904979,WEB_SITE,39190,131510,,,37671.48,,band1,not_judged_no_bep,False
grp-a001-01-000000046939750,WEB_SITE,24310,92900,,,29985.73,,band1,not_judged_no_bep,False
grp-a001-01-000000046939809,WEB_SITE,11880,83500,,,36921.87,,band1,not_judged_no_bep,False
grp-a001-01-000000046954263,WEB_SITE,179730,508700,,,117581.51,,band1,not_judged_no_bep,False
grp-a001-01-000000046954978,WEB_SITE,117560,157410,,,-25561.17,,band3,not_judged_no_bep,False
grp-a001-01-000000046962945,WEB_SITE,46690,192000,,,65525.08,,band1,not_judged_no_bep,False
grp-a001-01-000000046970779,WEB_SITE,2090,0,,,-2090.0,,band4_unjudgeable,not_judged_no_bep,False
grp-a001-01-000000046970893,WEB_SITE,15170,79500,,,31294.06,,band1,not_judged_no_bep,False
grp-a001-01-000000046971358,WEB_SITE,26454,15900,,,-17161.19,,band3,not_judged_no_bep,False
grp-a001-01-000000046971480,WEB_SITE,7070,31800,,,11515.62,,band1,not_judged_no_bep,False
grp-a001-01-000000046971678,WEB_SITE,3410,61600,,,32592.34,,band1,not_judged_no_bep,False
grp-a001-01-000000046973844,WEB_SITE,11390,33800,,,8364.53,,band1,not_judged_no_bep,False
grp-a001-01-000000046974236,WEB_SITE,12080,16900,,,-2202.74,,band3,not_judged_no_bep,False
grp-a001-01-000000046975254,WEB_SITE,2860,31800,,,15725.62,,band1,not_judged_no_bep,False
grp-a001-01-000000046975512,WEB_SITE,2970,0,,,-2970.0,,band4_unjudgeable,not_judged_no_bep,False
grp-a001-01-000000046975542,WEB_SITE,2980,16900,,,6897.26,,band1,not_judged_no_bep,False
grp-a001-01-000000046975626,WEB_SITE,3730,16900,,,6147.26,,band1,not_judged_no_bep,False
grp-a001-01-000000046975770,WEB_SITE,990,0,,,-990.0,,band4_unjudgeable,not_judged_no_bep,False
grp-a001-01-000000046976107,WEB_SITE,160,0,,,-160.0,,band4_unjudgeable,not_judged_no_bep,False
grp-a001-01-000000046976135,WEB_SITE,1390,0,,,-1390.0,,band4_unjudgeable,not_judged_no_bep,False
grp-a001-01-000000046976468,WEB_SITE,20728,159820,,,72679.36,,band1,not_judged_no_bep,False
grp-a001-01-000000046977473,WEB_SITE,3030,0,,,-3030.0,,band4_unjudgeable,not_judged_no_bep,False
grp-a001-01-000000046978005,WEB_SITE,46210,111300,,,18839.68,,band1,not_judged_no_bep,False
grp-a001-01-000000046978099,WEB_SITE,1670,0,,,-1670.0,,band4_unjudgeable,not_judged_no_bep,False
grp-a001-01-000000046979820,WEB_SITE,17700,111300,,,47349.68,,band1,not_judged_no_bep,False
grp-a001-01-000000046980388,WEB_SITE,141636,541930,,,175096.9,,band1,not_judged_no_bep,False
grp-a001-01-000000046980878,WEB_SITE,115120,206700,,,5686.55,,band2,not_judged_no_bep,False
grp-a001-01-000000047003535,WEB_SITE,104270,448140,,,157647.01,,band1,not_judged_no_bep,False
grp-a001-01-000000047003798,WEB_SITE,13710,56500,,,19311.62,,band1,not_judged_no_bep,False
grp-a001-01-000000047075282,WEB_SITE,29280,61600,,,6722.34,,band1,not_judged_no_bep,False
grp-a001-01-000000047076625,WEB_SITE,36510,106120,,,25512.21,,band1,not_judged_no_bep,False
grp-a001-01-000000047162713,WEB_SITE,48063,96930,,,8588.08,,band2,not_judged_no_bep,False
grp-a001-01-000000047166586,WEB_SITE,9988,33800,,,9766.53,,band1,not_judged_no_bep,False
grp-a001-01-000000047485469,WEB_SITE,1103480,3382500,,,873434.09,,band1,not_judged_no_bep,False
grp-a001-01-000000047485563,WEB_SITE,272890,716100,,,145637.18,,band1,not_judged_no_bep,False
grp-a001-01-000000047486489,WEB_SITE,146480,244750,,,-3435.0,,band3,not_judged_no_bep,False
grp-a001-01-000000047486647,WEB_SITE,61818,73600,,,-18802.22,,band3,not_judged_no_bep,False
grp-a001-01-000000047486686,WEB_SITE,7730,0,,,-7730.0,,band4_unjudgeable,not_judged_no_bep,False
grp-a001-01-000000047487792,WEB_SITE,790,0,,,-790.0,,band4_unjudgeable,not_judged_no_bep,False
grp-a001-01-000000047488792,WEB_SITE,116510,465150,,,155348.56,,band1,not_judged_no_bep,False
grp-a001-01-000000047488926,WEB_SITE,48669,144100,,,35550.75,,band1,not_judged_no_bep,False
grp-a001-01-000000047489113,WEB_SITE,10150,33800,,,9604.53,,band1,not_judged_no_bep,False
grp-a001-01-000000048499536,WEB_SITE,572000,1028700,,,29227.35,,band2,not_judged_no_bep,False
grp-a001-01-000000048499741,WEB_SITE,162330,275200,,,-1488.39,,band3,not_judged_no_bep,False
grp-a001-01-000000048564412,WEB_SITE,327926,2067200,,,880256.35,,band1,not_judged_no_bep,False
grp-a001-01-000000049350730,WEB_SITE,3910,0,,,-3910.0,,band4_unjudgeable,not_judged_no_bep,False
grp-a001-01-000000049350994,WEB_SITE,18010,31800,,,575.62,,band2,not_judged_no_bep,False
grp-a001-01-000000049354066,WEB_SITE,2130,0,,,-2130.0,,band4_unjudgeable,not_judged_no_bep,False
grp-a001-01-000000049354073,WEB_SITE,1030,0,,,-1030.0,,band4_unjudgeable,not_judged_no_bep,False
grp-a001-01-000000049549995,WEB_SITE,59020,110500,,,5562.12,,band2,not_judged_no_bep,False
grp-a001-01-000000049863305,WEB_SITE,488530,1088630,,,147723.65,,band1,not_judged_no_bep,False
grp-a001-01-000000049864292,WEB_SITE,85470,348550,,,118241.28,,band1,not_judged_no_bep,False
grp-a001-01-000000049865057,WEB_SITE,27890,114400,,,38971.48,,band1,not_judged_no_bep,False
grp-a001-01-000000049865502,WEB_SITE,136310,82880,,,-87870.49,,band3,not_judged_no_bep,False
grp-a001-01-000000049866750,WEB_SITE,148480,185200,,,-40239.21,,band3,not_judged_no_bep,False
grp-a001-01-000000050212614,WEB_SITE,112050,349920,,,92461.98,,band1,not_judged_no_bep,False
grp-a001-01-000000050221991,WEB_SITE,27810,47700,,,68.43,,band2,not_judged_no_bep,False
grp-a001-01-000000050397977,WEB_SITE,55530,375700,,,164049.19,,band1,not_judged_no_bep,False
grp-a001-01-000000050409988,WEB_SITE,6790,0,,,-6790.0,,band4_unjudgeable,not_judged_no_bep,False
grp-a001-01-000000051955092,WEB_SITE,22606,47700,,,5272.43,,band1,not_judged_no_bep,False
grp-a001-01-000000052182861,WEB_SITE,1581083,3491890,,,459764.46,,band1,not_judged_no_bep,False
grp-a001-01-000000052225586,WEB_SITE,357459,618920,,,4270.98,,band2,not_judged_no_bep,False
grp-a001-01-000000052260531,WEB_SITE,1900099,3840230,,,344337.0,,band2,not_judged_no_bep,False
grp-a001-01-000000052263060,WEB_SITE,336107,1014920,,,257066.58,,band1,not_judged_no_bep,False
grp-a001-01-000000052822167,WEB_SITE,210830,127360,,,-136394.0,,band3,not_judged_no_bep,False
grp-a001-01-000000052822210,WEB_SITE,324970,290400,,,-155244.69,,band3,not_judged_no_bep,False
grp-a001-01-000000053177765,WEB_SITE,144790,106170,,,-82738.57,,band3,not_judged_no_bep,False
grp-a001-01-000000053180338,WEB_SITE,94340,15500,,,-85280.97,,band3,not_judged_no_bep,False
grp-a001-01-000000053266390,WEB_SITE,35438,0,,,-35438.0,,band3,not_judged_no_bep,False
grp-a001-01-000000053273491,WEB_SITE,1350,0,,,-1350.0,,band4_unjudgeable,not_judged_no_bep,False
grp-a001-01-000000054203750,WEB_SITE,409712,555370,,,-85124.04,,band3,not_judged_no_bep,False
grp-a001-01-000000054212536,WEB_SITE,118629,87020,,,-67769.85,,band3,not_judged_no_bep,False
grp-a001-01-000000054403622,WEB_SITE,39210,47600,,,-11390.01,,band3,not_judged_no_bep,False
grp-a001-01-000000054405090,WEB_SITE,11270,0,,,-11270.0,,band4_unjudgeable,not_judged_no_bep,False
grp-a001-01-000000054618773,WEB_SITE,84703,63510,,,-47584.36,,band3,not_judged_no_bep,False
grp-a001-01-000000054664266,WEB_SITE,0,0,,,0.0,,excluded_cost0,not_judged_no_bep,False
grp-a001-01-000000054666555,WEB_SITE,409970,1113290,,,240696.28,,band1,not_judged_no_bep,False
grp-a001-01-000000054666566,WEB_SITE,981440,2145410,,,272452.46,,band1,not_judged_no_bep,False
grp-a001-01-000000054671417,WEB_SITE,400098,810920,,,73847.06,,band2,not_judged_no_bep,False
grp-a001-01-000000054671419,WEB_SITE,95030,296210,,,78090.98,,band1,not_judged_no_bep,False
grp-a001-01-000000055142639,WEB_SITE,185665,679200,,,211295.84,,band1,not_judged_no_bep,False
grp-a001-01-000000055151707,WEB_SITE,90800,344100,,,110310.46,,band1,not_judged_no_bep,False
grp-a001-01-000000056068060,WEB_SITE,99870,0,,,-99870.0,,band3,not_judged_no_bep,False
grp-a001-01-000000056068629,WEB_SITE,18040,0,,,-18040.0,,band4_unjudgeable,not_judged_no_bep,False
grp-a001-01-000000058445222,WEB_SITE,52700,0,,,-52700.0,,band3,not_judged_no_bep,False
grp-a001-01-000000058445534,WEB_SITE,19460,30510,,,-1628.32,,band3,not_judged_no_bep,False
grp-a001-01-000000059039599,WEB_SITE,4670,15900,,,4622.81,,band1,not_judged_no_bep,False
grp-a001-01-000000059040364,WEB_SITE,13020,0,,,-13020.0,,band4_unjudgeable,not_judged_no_bep,False
grp-a001-01-000000060480003,WEB_SITE,269067,760100,,,175176.13,,band1,not_judged_no_bep,False
grp-a001-01-000000060480311,WEB_SITE,271111,642800,,,104575.73,,band1,not_judged_no_bep,False
grp-a001-01-000000060480313,WEB_SITE,778145,1828700,,,290645.18,,band1,not_judged_no_bep,False
grp-a001-01-000000060480315,WEB_SITE,321674,759100,,,121984.68,,band1,not_judged_no_bep,False
grp-a001-01-000000060480386,WEB_SITE,387310,914100,,,146938.98,,band1,not_judged_no_bep,False
grp-a001-01-000000060480649,WEB_SITE,130651,349640,,,73697.33,,band1,not_judged_no_bep,False
grp-a001-01-000000060480724,WEB_SITE,673901,1256800,,,60640.2,,band2,not_judged_no_bep,False
grp-a001-01-000000060480725,WEB_SITE,396710,791840,,,66083.69,,band2,not_judged_no_bep,False
grp-a001-01-000000060480727,WEB_SITE,211112,389500,,,16532.65,,band2,not_judged_no_bep,False
grp-a001-01-000000060480728,WEB_SITE,524119,839800,,,-33294.92,,band3,not_judged_no_bep,False
grp-a001-01-000000060481114,WEB_SITE,145741,413400,,,95872.09,,band1,not_judged_no_bep,False
grp-a001-01-000000060481115,WEB_SITE,72851,143100,,,10784.3,,band2,not_judged_no_bep,False
grp-a001-01-000000060481178,WEB_SITE,291777,518900,,,11495.94,,band2,not_judged_no_bep,False
grp-a001-01-000000060481180,WEB_SITE,167997,538200,,,146555.89,,band1,not_judged_no_bep,False
grp-a001-01-000000060481584,WEB_SITE,25769,63600,,,11402.24,,band1,not_judged_no_bep,False
grp-a001-01-000000060481588,WEB_SITE,58289,270300,,,99688.79,,band1,not_judged_no_bep,False
grp-a001-01-000000060481589,WEB_SITE,67447,124200,,,5142.13,,band2,not_judged_no_bep,False
grp-a001-01-000000060481590,WEB_SITE,127054,159000,,,-34125.89,,band3,not_judged_no_bep,False
grp-a001-01-000000060481591,WEB_SITE,64914,127200,,,9428.49,,band2,not_judged_no_bep,False
grp-a001-01-000000060489568,WEB_SITE,66839,111300,,,-1789.32,,band3,not_judged_no_bep,False
grp-a001-01-000000060489686,WEB_SITE,62216,95400,,,-6459.13,,band3,not_judged_no_bep,False
grp-a001-01-000000060489687,WEB_SITE,26872,57600,,,6792.52,,band1,not_judged_no_bep,False
grp-a001-01-000000060530499,WEB_SITE,188185,469100,,,85982.15,,band1,not_judged_no_bep,False
grp-a001-01-000000060531067,WEB_SITE,12607,0,,,-12607.0,,band4_unjudgeable,not_judged_no_bep,False
grp-a001-01-000000060531082,WEB_SITE,25082,105800,,,36753.18,,band1,not_judged_no_bep,False
grp-a001-01-000000060531708,WEB_SITE,17393,0,,,-17393.0,,band4_unjudgeable,not_judged_no_bep,False
grp-a001-01-000000060531709,WEB_SITE,249015,594200,,,98267.29,,band1,not_judged_no_bep,False
grp-a001-01-000000060531710,WEB_SITE,88925,164200,,,7042.27,,band2,not_judged_no_bep,False
grp-a001-01-000000060531711,WEB_SITE,284354,413800,,,-42507.13,,band3,not_judged_no_bep,False
grp-a001-01-000000060531781,WEB_SITE,698415,938800,,,-149730.02,,band3,not_judged_no_bep,False
grp-a001-01-000000060548659,WEB_SITE,72588,197100,,,42607.79,,band1,not_judged_no_bep,False
grp-a001-01-000000060548667,WEB_SITE,54391,89000,,,-2374.64,,band3,not_judged_no_bep,False
grp-a001-01-000000060548974,WEB_SITE,101128,224700,,,30198.71,,band1,not_judged_no_bep,False
grp-a001-01-000000060554859,WEB_SITE,137784,376900,,,82496.54,,band1,not_judged_no_bep,False
grp-a001-01-000000060554861,WEB_SITE,123763,267100,,,32344.54,,band1,not_judged_no_bep,False
grp-a001-01-000000060554862,WEB_SITE,1172017,2490000,,,283272.3,,band1,not_judged_no_bep,False
grp-a001-01-000000060554863,WEB_SITE,234971,416600,,,8512.34,,band2,not_judged_no_bep,False
grp-a001-01-000000060558824,WEB_SITE,21886,49800,,,7219.79,,band1,not_judged_no_bep,False
grp-a001-01-000000060603885,WEB_SITE,324980,667600,,,65201.18,,band2,not_judged_no_bep,False
grp-a001-01-000000060603888,WEB_SITE,70542,71400,,,-28812.02,,band3,not_judged_no_bep,False
grp-a001-01-000000060603890,WEB_SITE,93358,372100,,,124117.16,,band1,not_judged_no_bep,False
grp-a001-01-000000060603891,WEB_SITE,235996,421500,,,10351.17,,band2,not_judged_no_bep,False
grp-a001-01-000000060604009,WEB_SITE,2874,0,,,-2874.0,,band4_unjudgeable,not_judged_no_bep,False
grp-a001-01-000000060604010,WEB_SITE,641,0,,,-641.0,,band4_unjudgeable,not_judged_no_bep,False
grp-a001-01-000000060604011,WEB_SITE,31404,18900,,,-20357.83,,band3,not_judged_no_bep,False
grp-a001-01-000000060604013,WEB_SITE,13382,15900,,,-4089.19,,band3,not_judged_no_bep,False
grp-a001-01-000000060604014,WEB_SITE,136770,236700,,,1570.15,,band2,not_judged_no_bep,False
grp-a001-01-000000060604015,WEB_SITE,174768,63600,,,-137596.76,,band3,not_judged_no_bep,False
grp-a001-01-000000060604017,WEB_SITE,65514,168100,,,32732.64,,band1,not_judged_no_bep,False
grp-a001-01-000000060604019,WEB_SITE,48287,71600,,,-6440.13,,band3,not_judged_no_bep,False
grp-a001-01-000000060604020,WEB_SITE,27142,18900,,,-16095.83,,band3,not_judged_no_bep,False
grp-a001-01-000000060604022,WEB_SITE,117923,216800,,,8786.53,,band2,not_judged_no_bep,False
grp-a001-01-000000060604025,WEB_SITE,42929,36800,,,-21421.11,,band3,not_judged_no_bep,False
grp-a001-01-000000060604027,WEB_SITE,3451,0,,,-3451.0,,band4_unjudgeable,not_judged_no_bep,False
grp-a001-01-000000060604029,WEB_SITE,233285,366000,,,-19375.01,,band3,not_judged_no_bep,False
grp-a001-01-000000060604032,WEB_SITE,340811,592200,,,5302.38,,band2,not_judged_no_bep,False
grp-a001-01-000000060604034,WEB_SITE,167459,363900,,,45223.64,,band1,not_judged_no_bep,False
grp-a001-01-000000060604037,WEB_SITE,17190,18900,,,-6143.83,,band3,not_judged_no_bep,False
grp-a001-01-000000060604039,WEB_SITE,183166,265500,,,-27993.59,,band3,not_judged_no_bep,False
grp-a001-01-000000060604040,WEB_SITE,121642,241600,,,19561.97,,band1,not_judged_no_bep,False
grp-a001-01-000000060604043,WEB_SITE,102084,281500,,,62439.67,,band1,not_judged_no_bep,False
grp-a001-01-000000060604044,WEB_SITE,24214,76600,,,20555.14,,band1,not_judged_no_bep,False
grp-a001-01-000000060609365,WEB_SITE,24818,31800,,,-6232.38,,band3,not_judged_no_bep,False
grp-a001-01-000000060610033,WEB_SITE,75880,193800,,,37387.1,,band1,not_judged_no_bep,False
grp-a001-01-000000060610036,WEB_SITE,66873,143100,,,16762.3,,band1,not_judged_no_bep,False
grp-a001-01-000000060610039,WEB_SITE,70629,184800,,,37378.01,,band1,not_judged_no_bep,False
grp-a001-01-000000060610042,WEB_SITE,38846,92400,,,15157.51,,band1,not_judged_no_bep,False
grp-a001-01-000000060610047,WEB_SITE,25135,111300,,,39914.68,,band1,not_judged_no_bep,False
grp-a001-01-000000060610050,WEB_SITE,9116,15900,,,176.81,,band2,not_judged_no_bep,False
grp-a001-01-000000060612108,WEB_SITE,20285,79500,,,26179.06,,band1,not_judged_no_bep,False
grp-a001-01-000000060612109,WEB_SITE,28729,95400,,,27027.87,,band1,not_judged_no_bep,False
grp-a001-01-000000060612110,WEB_SITE,28675,79500,,,17789.06,,band1,not_judged_no_bep,False
grp-a001-01-000000060612113,WEB_SITE,4792,15900,,,4500.81,,band1,not_judged_no_bep,False
grp-a001-01-000000060612114,WEB_SITE,72242,190800,,,39271.73,,band1,not_judged_no_bep,False
grp-a001-01-000000060612115,WEB_SITE,21669,33600,,,-2031.36,,band3,not_judged_no_bep,False
grp-a001-01-000000060612840,WEB_SITE,15738,15900,,,-6445.19,,band3,not_judged_no_bep,False
grp-a001-01-000000060612841,WEB_SITE,28061,58700,,,6246.42,,band1,not_judged_no_bep,False
grp-a001-01-000000060612842,WEB_SITE,10454,0,,,-10454.0,,band4_unjudgeable,not_judged_no_bep,False
grp-a001-01-000000060612843,WEB_SITE,27099,31800,,,-8513.38,,band3,not_judged_no_bep,False
grp-a001-01-000000060612844,WEB_SITE,101005,173800,,,573.02,,band2,not_judged_no_bep,False
grp-a001-01-000000060612964,WEB_SITE,148084,124200,,,-75494.87,,band3,not_judged_no_bep,False
grp-a001-01-000000060613245,WEB_SITE,11556,0,,,-11556.0,,band4_unjudgeable,not_judged_no_bep,False
grp-a001-01-000000060613246,WEB_SITE,13971,15900,,,-4678.19,,band3,not_judged_no_bep,False
grp-a001-01-000000060613247,WEB_SITE,17803,127200,,,56539.49,,band1,not_judged_no_bep,False
grp-a001-01-000000060613249,WEB_SITE,24184,31800,,,-5598.38,,band3,not_judged_no_bep,False
grp-a001-01-000000060613254,WEB_SITE,23081,95400,,,32675.87,,band1,not_judged_no_bep,False
grp-a001-01-000000060613256,WEB_SITE,13746,31800,,,4839.62,,band1,not_judged_no_bep,False
grp-a001-01-000000060617379,WEB_SITE,118490,272300,,,40656.7,,band1,not_judged_no_bep,False
grp-a001-01-000000060617381,WEB_SITE,87125,159000,,,5803.11,,band2,not_judged_no_bep,False
grp-a001-01-000000060763483,WEB_SITE,71658,190800,,,39855.73,,band1,not_judged_no_bep,False
grp-a001-01-000000060763689,WEB_SITE,57056,143100,,,26579.3,,band1,not_judged_no_bep,False
grp-a001-01-000000060763694,WEB_SITE,303859,573400,,,31266.66,,band2,not_judged_no_bep,False
grp-a001-01-000000060763718,WEB_SITE,63422,205110,,,56455.26,,band1,not_judged_no_bep,False
grp-a001-01-000000060763874,WEB_SITE,268872,524700,,,37790.77,,band2,not_judged_no_bep,False
grp-a001-01-000000060763875,WEB_SITE,93982,210700,,,29162.36,,band1,not_judged_no_bep,False
grp-a001-01-000000060763876,WEB_SITE,106364,223600,,,24319.81,,band1,not_judged_no_bep,False
grp-a001-01-000000060763877,WEB_SITE,34842,47700,,,-6963.57,,band3,not_judged_no_bep,False
grp-a001-01-000000060764711,WEB_SITE,82573,111400,,,-17464.88,,band3,not_judged_no_bep,False
grp-a001-01-000000060764713,WEB_SITE,206003,155200,,,-115295.81,,band3,not_judged_no_bep,False
grp-a001-01-000000060764895,WEB_SITE,24442,19900,,,-12811.37,,band3,not_judged_no_bep,False
grp-a001-01-000000060765090,WEB_SITE,23841,63600,,,13330.24,,band1,not_judged_no_bep,False
grp-a001-01-000000060765091,WEB_SITE,53634,174900,,,48586.92,,band1,not_judged_no_bep,False
grp-a001-01-000000060765092,WEB_SITE,38207,143100,,,45428.3,,band1,not_judged_no_bep,False
grp-a001-01-000000060765094,WEB_SITE,12684,47700,,,15194.43,,band1,not_judged_no_bep,False
grp-a001-01-000000060784942,WEB_SITE,115497,387700,,,111095.64,,band1,not_judged_no_bep,False
grp-a001-01-000000060784943,WEB_SITE,215911,651900,,,165094.26,,band1,not_judged_no_bep,False
grp-a001-01-000000060784944,WEB_SITE,166466,333900,,,28683.04,,band2,not_judged_no_bep,False
grp-a001-01-000000060792702,WEB_SITE,610660,1766000,,,421484.94,,band1,not_judged_no_bep,False
grp-a001-01-000000060792703,WEB_SITE,70673,191800,,,41425.19,,band1,not_judged_no_bep,False
grp-a001-01-000000060792982,WEB_SITE,454223,942200,,,96449.12,,band1,not_judged_no_bep,False
grp-a001-01-000000060792983,WEB_SITE,175456,554900,,,148857.27,,band1,not_judged_no_bep,False
grp-a001-01-000000060792984,WEB_SITE,163871,143100,,,-80235.7,,band3,not_judged_no_bep,False
grp-a001-01-000000060792987,WEB_SITE,206111,492200,,,81557.03,,band1,not_judged_no_bep,False
grp-a001-01-000000060792988,WEB_SITE,58360,172100,,,42224.45,,band1,not_judged_no_bep,False
grp-a001-01-000000060792989,WEB_SITE,65172,75600,,,-20987.31,,band3,not_judged_no_bep,False
grp-a001-01-000000060792990,WEB_SITE,204552,465600,,,67569.57,,band1,not_judged_no_bep,False
grp-a001-01-000000060792991,WEB_SITE,206101,290400,,,-36375.69,,band3,not_judged_no_bep,False
grp-a001-01-000000060792992,WEB_SITE,103966,280500,,,59973.22,,band1,not_judged_no_bep,False
grp-a001-01-000000060792993,WEB_SITE,8098,0,,,-8098.0,,band4_unjudgeable,not_judged_no_bep,False
grp-a001-01-000000060792994,WEB_SITE,36989,119400,,,32794.75,,band1,not_judged_no_bep,False
grp-a001-01-000000060796462,WEB_SITE,9052,19900,,,2578.63,,band1,not_judged_no_bep,False
grp-a001-01-000000060796463,WEB_SITE,15336,99500,,,42817.13,,band1,not_judged_no_bep,False
grp-a001-01-000000060796465,WEB_SITE,43401,125300,,,29831.03,,band1,not_judged_no_bep,False
grp-a001-01-000000060796466,WEB_SITE,4578,0,,,-4578.0,,band4_unjudgeable,not_judged_no_bep,False
grp-a001-01-000000060796467,WEB_SITE,104719,218900,,,23217.88,,band1,not_judged_no_bep,False
grp-a001-01-000000060796549,WEB_SITE,51586,36800,,,-30078.11,,band3,not_judged_no_bep,False
grp-a001-01-000000060796550,WEB_SITE,26238,154200,,,63884.74,,band1,not_judged_no_bep,False
grp-a001-01-000000060796551,WEB_SITE,5870,0,,,-5870.0,,band4_unjudgeable,not_judged_no_bep,False
grp-a001-01-000000060796552,WEB_SITE,520,0,,,-520.0,,band4_unjudgeable,not_judged_no_bep,False
grp-a001-01-000000060796704,WEB_SITE,9245,0,,,-9245.0,,band4_unjudgeable,not_judged_no_bep,False
grp-a001-01-000000060796707,WEB_SITE,38505,38800,,,-15828.2,,band3,not_judged_no_bep,False
grp-a001-01-000000060809909,WEB_SITE,62917,174900,,,39303.92,,band1,not_judged_no_bep,False
grp-a001-01-000000060823525,WEB_SITE,288622,824500,,,193259.94,,band1,not_judged_no_bep,False
grp-a001-01-000000060823768,WEB_SITE,426199,268800,,,-269097.89,,band3,not_judged_no_bep,False
grp-a001-01-000000060823769,WEB_SITE,1677,0,,,-1677.0,,band4_unjudgeable,not_judged_no_bep,False
grp-a001-01-000000060823923,WEB_SITE,13305,0,,,-13305.0,,band4_unjudgeable,not_judged_no_bep,False
grp-a001-01-000000060823924,WEB_SITE,33111,0,,,-33111.0,,band3,not_judged_no_bep,False
grp-a001-01-000000060823925,WEB_SITE,160,0,,,-160.0,,band4_unjudgeable,not_judged_no_bep,False
grp-a001-01-000000060823926,WEB_SITE,2850,14200,,,5449.24,,band1,not_judged_no_bep,False
grp-a001-01-000000060824081,WEB_SITE,6363,0,,,-6363.0,,band4_unjudgeable,not_judged_no_bep,False
grp-a001-01-000000060824082,WEB_SITE,276802,427200,,,-27123.45,,band3,not_judged_no_bep,False
grp-a001-01-000000060824084,WEB_SITE,70129,0,,,-70129.0,,band3,not_judged_no_bep,False
grp-a001-01-000000060824085,WEB_SITE,3685,0,,,-3685.0,,band4_unjudgeable,not_judged_no_bep,False
grp-a001-01-000000060824088,WEB_SITE,279630,314900,,,-95585.58,,band3,not_judged_no_bep,False
grp-a001-01-000000060824108,WEB_SITE,72403,110300,,,-7937.77,,band3,not_judged_no_bep,False
grp-a001-01-000000060824109,WEB_SITE,74566,68500,,,-34530.93,,band3,not_judged_no_bep,False
grp-a001-01-000000060824110,WEB_SITE,6115,0,,,-6115.0,,band4_unjudgeable,not_judged_no_bep,False
grp-a001-01-000000060824113,WEB_SITE,30246,34800,,,-9907.02,,band3,not_judged_no_bep,False
grp-a001-01-000000060824785,WEB_SITE,530,0,,,-530.0,,band4_unjudgeable,not_judged_no_bep,False
grp-a001-01-000000060824786,WEB_SITE,30818,101100,,,28270.25,,band1,not_judged_no_bep,False
grp-a001-01-000000060824882,WEB_SITE,29556,159000,,,63372.11,,band1,not_judged_no_bep,False
grp-a001-01-000000060824932,WEB_SITE,26817,15900,,,-17524.19,,band3,not_judged_no_bep,False
grp-a001-01-000000060824935,WEB_SITE,22284,63600,,,14887.24,,band1,not_judged_no_bep,False
grp-a001-01-000000060824936,WEB_SITE,127606,210700,,,-4461.64,,band3,not_judged_no_bep,False
grp-a001-01-000000060825654,WEB_SITE,20183,31800,,,-1597.38,,band3,not_judged_no_bep,False
grp-a001-01-000000060825655,WEB_SITE,23507,31800,,,-4921.38,,band3,not_judged_no_bep,False
grp-a001-01-000000060825656,WEB_SITE,97772,240500,,,42789.08,,band1,not_judged_no_bep,False
grp-a001-01-000000060825657,WEB_SITE,86198,408500,,,152551.27,,band1,not_judged_no_bep,False
grp-a001-01-000000060825704,WEB_SITE,68796,361800,,,142659.29,,band1,not_judged_no_bep,False
grp-a001-01-000000060825705,WEB_SITE,51432,166800,,,46054.85,,band1,not_judged_no_bep,False
grp-a001-01-000000060825706,WEB_SITE,68500,244300,,,74282.0,,band1,not_judged_no_bep,False
grp-a001-01-000000060825707,WEB_SITE,48501,139100,,,32796.49,,band1,not_judged_no_bep,False
grp-a001-01-000000060825794,WEB_SITE,34635,63600,,,2536.24,,band2,not_judged_no_bep,False
grp-a001-01-000000060825796,WEB_SITE,58174,127200,,,16168.49,,band1,not_judged_no_bep,False
grp-a001-01-000000060825797,WEB_SITE,33348,87500,,,17791.68,,band1,not_judged_no_bep,False
grp-a001-01-000000060825798,WEB_SITE,93732,254400,,,54952.98,,band1,not_judged_no_bep,False
grp-a001-01-000000060825799,WEB_SITE,85302,266200,,,70279.53,,band1,not_judged_no_bep,False
grp-a001-01-000000060825800,WEB_SITE,39775,80500,,,7273.51,,band2,not_judged_no_bep,False
grp-a001-01-000000060825801,WEB_SITE,159535,288200,,,8904.51,,band2,not_judged_no_bep,False
grp-a001-01-000000060825802,WEB_SITE,80381,334900,,,115352.49,,band1,not_judged_no_bep,False
grp-a001-01-000000060826103,WEB_SITE,150211,340900,,,49029.21,,band1,not_judged_no_bep,False
grp-a001-01-000000060826106,WEB_SITE,167664,387340,,,58718.23,,band1,not_judged_no_bep,False
grp-a001-01-000000060826107,WEB_SITE,252951,609200,,,103098.09,,band1,not_judged_no_bep,False
grp-a001-01-000000060826108,WEB_SITE,273484,452200,,,-9194.11,,band3,not_judged_no_bep,False
grp-a001-01-000000060826110,WEB_SITE,294146,431300,,,-42071.19,,band3,not_judged_no_bep,False
grp-a001-01-000000060841229,WEB_SITE,22873,32800,,,-3702.92,,band3,not_judged_no_bep,False
grp-a001-01-000000060841400,WEB_SITE,5963,32800,,,13207.08,,band1,not_judged_no_bep,False
grp-a001-01-000000060841560,WEB_SITE,619,31800,,,17966.62,,band1,not_judged_no_bep,False
grp-a001-01-000000060841575,WEB_SITE,33303,0,,,-33303.0,,band3,not_judged_no_bep,False
grp-a001-01-000000060841577,WEB_SITE,45002,31800,,,-26416.38,,band3,not_judged_no_bep,False
grp-a001-01-000000060841579,WEB_SITE,4102,15900,,,5190.81,,band1,not_judged_no_bep,False
grp-a001-01-000000060841580,WEB_SITE,23493,84500,,,25893.32,,band1,not_judged_no_bep,False
grp-a001-01-000000060841581,WEB_SITE,39238,67600,,,271.06,,band2,not_judged_no_bep,False
grp-a001-01-000000060841582,WEB_SITE,48039,46110,,,-21089.85,,band3,not_judged_no_bep,False
grp-a001-01-000000060841583,WEB_SITE,204568,190800,,,-93054.27,,band3,not_judged_no_bep,False
grp-a001-01-000000060841584,WEB_SITE,63058,47700,,,-35179.57,,band3,not_judged_no_bep,False
grp-a001-01-000000060842559,WEB_SITE,125728,401500,,,108930.09,,band1,not_judged_no_bep,False
grp-a001-01-000000060842560,WEB_SITE,2847,47700,,,25031.43,,band1,not_judged_no_bep,False
grp-a001-01-000000060842564,WEB_SITE,46638,31800,,,-28052.38,,band3,not_judged_no_bep,False
grp-a001-01-000000060842565,WEB_SITE,71155,131100,,,5466.86,,band2,not_judged_no_bep,False
grp-a001-01-000000060842566,WEB_SITE,127402,160000,,,-33889.43,,band3,not_judged_no_bep,False
grp-a001-01-000000060842733,WEB_SITE,11858,15900,,,-2565.19,,band3,not_judged_no_bep,False
grp-a001-01-000000060842734,WEB_SITE,103563,175900,,,-757.62,,band3,not_judged_no_bep,False
grp-a001-01-000000060842824,WEB_SITE,6722,0,,,-6722.0,,band4_unjudgeable,not_judged_no_bep,False
grp-a001-01-000000060843107,WEB_SITE,52889,74600,,,-9288.77,,band3,not_judged_no_bep,False
grp-a001-01-000000060843258,WEB_SITE,61445,16900,,,-51567.74,,band3,not_judged_no_bep,False
grp-a001-01-000000060843261,WEB_SITE,10382,15900,,,-1089.19,,band3,not_judged_no_bep,False
grp-a001-01-000000060843263,WEB_SITE,61068,66600,,,-22143.39,,band3,not_judged_no_bep,False
grp-a001-01-000000060843265,WEB_SITE,24458,36800,,,-2950.11,,band3,not_judged_no_bep,False
grp-a001-01-000000060843278,WEB_SITE,27638,33800,,,-7883.47,,band3,not_judged_no_bep,False
grp-a001-01-000000060843279,WEB_SITE,8812,16900,,,1065.26,,band2,not_judged_no_bep,False
grp-a001-01-000000060843280,WEB_SITE,5100,15900,,,4192.81,,band1,not_judged_no_bep,False
grp-a001-01-000000060843281,WEB_SITE,7423,0,,,-7423.0,,band4_unjudgeable,not_judged_no_bep,False
grp-a001-01-000000060843310,WEB_SITE,13051,16900,,,-3173.74,,band3,not_judged_no_bep,False
grp-a001-01-000000060843311,WEB_SITE,10678,304200,,,167112.77,,band1,not_judged_no_bep,False
grp-a001-01-000000060843312,WEB_SITE,10932,0,,,-10932.0,,band4_unjudgeable,not_judged_no_bep,False
grp-a001-01-000000060843313,WEB_SITE,33337,0,,,-33337.0,,band3,not_judged_no_bep,False
grp-a001-01-000000060843314,WEB_SITE,45198,67600,,,-5688.94,,band3,not_judged_no_bep,False
grp-a001-01-000000060843406,WEB_SITE,12938,0,,,-12938.0,,band4_unjudgeable,not_judged_no_bep,False
grp-a001-01-000000060843407,WEB_SITE,10955,32800,,,8215.08,,band1,not_judged_no_bep,False
grp-a001-01-000000060843408,WEB_SITE,13871,66600,,,25053.61,,band1,not_judged_no_bep,False
grp-a001-01-000000060843409,WEB_SITE,16866,0,,,-16866.0,,band4_unjudgeable,not_judged_no_bep,False
grp-a001-01-000000060843410,WEB_SITE,30315,99400,,,27779.68,,band1,not_judged_no_bep,False
grp-a001-01-000000060858091,WEB_SITE,31179,49700,,,-2131.66,,band3,not_judged_no_bep,False
grp-a001-01-000000060858092,WEB_SITE,24631,36400,,,-3356.89,,band3,not_judged_no_bep,False
grp-a001-01-000000060865149,WEB_SITE,6669,0,,,-6669.0,,band4_unjudgeable,not_judged_no_bep,False
grp-a001-01-000000060866006,WEB_SITE,73210,101200,,,-14063.3,,band3,not_judged_no_bep,False
grp-a001-01-000000060868357,WEB_SITE,82557,97300,,,-25689.67,,band3,not_judged_no_bep,False
grp-a001-01-000000060868358,WEB_SITE,43125,47540,,,-15340.08,,band3,not_judged_no_bep,False
grp-a001-01-000000060868899,WEB_SITE,19347,111200,,,45644.23,,band1,not_judged_no_bep,False
grp-a001-01-000000061108461,WEB_SITE,36480,152200,,,52473.83,,band1,not_judged_no_bep,False
grp-a001-01-000000061871554,WEB_SITE,7055,12900,,,484.45,,band2,not_judged_no_bep,False
grp-a001-01-000000061883424,WEB_SITE,3238,0,,,-3238.0,,band4_unjudgeable,not_judged_no_bep,False
grp-a001-01-000000061883426,WEB_SITE,3518,0,,,-3518.0,,band4_unjudgeable,not_judged_no_bep,False
grp-a001-01-000000061883430,WEB_SITE,7560,0,,,-7560.0,,band4_unjudgeable,not_judged_no_bep,False
grp-a001-01-000000061883437,WEB_SITE,1885,0,,,-1885.0,,band4_unjudgeable,not_judged_no_bep,False
grp-a001-01-000000061883438,WEB_SITE,17660,16900,,,-7782.74,,band3,not_judged_no_bep,False
grp-a001-01-000000061883745,WEB_SITE,6210,0,,,-6210.0,,band4_unjudgeable,not_judged_no_bep,False
grp-a001-01-000000061883746,WEB_SITE,17660,0,,,-17660.0,,band4_unjudgeable,not_judged_no_bep,False
grp-a001-01-000000061883792,WEB_SITE,15760,33800,,,3994.53,,band1,not_judged_no_bep,False
grp-a001-01-000000061883886,WEB_SITE,2240,0,,,-2240.0,,band4_unjudgeable,not_judged_no_bep,False
grp-a001-01-000000061883887,WEB_SITE,2351,0,,,-2351.0,,band4_unjudgeable,not_judged_no_bep,False
grp-a001-01-000000061883888,WEB_SITE,9970,0,,,-9970.0,,band4_unjudgeable,not_judged_no_bep,False
grp-a001-01-000000061883889,WEB_SITE,2708,0,,,-2708.0,,band4_unjudgeable,not_judged_no_bep,False
grp-a001-01-000000061883890,WEB_SITE,7250,16900,,,2627.26,,band1,not_judged_no_bep,False
grp-a001-01-000000061883891,WEB_SITE,670,0,,,-670.0,,band4_unjudgeable,not_judged_no_bep,False
grp-a001-01-000000061883892,WEB_SITE,6370,16900,,,3507.26,,band1,not_judged_no_bep,False
grp-a001-01-000000061883893,WEB_SITE,1858,0,,,-1858.0,,band4_unjudgeable,not_judged_no_bep,False
grp-a001-01-000000061883895,WEB_SITE,7150,0,,,-7150.0,,band4_unjudgeable,not_judged_no_bep,False
grp-a001-01-000000061883896,WEB_SITE,2210,0,,,-2210.0,,band4_unjudgeable,not_judged_no_bep,False
grp-a001-01-000000061883897,WEB_SITE,5176,0,,,-5176.0,,band4_unjudgeable,not_judged_no_bep,False
grp-a001-01-000000061883898,WEB_SITE,1168,0,,,-1168.0,,band4_unjudgeable,not_judged_no_bep,False
grp-a001-01-000000061883899,WEB_SITE,3690,0,,,-3690.0,,band4_unjudgeable,not_judged_no_bep,False
grp-a001-01-000000061883900,WEB_SITE,2810,0,,,-2810.0,,band4_unjudgeable,not_judged_no_bep,False
grp-a001-01-000000061883901,WEB_SITE,6190,33800,,,13564.53,,band1,not_judged_no_bep,False
grp-a001-01-000000061883902,WEB_SITE,1860,0,,,-1860.0,,band4_unjudgeable,not_judged_no_bep,False
grp-a001-01-000000061883903,WEB_SITE,840,0,,,-840.0,,band4_unjudgeable,not_judged_no_bep,False
grp-a001-01-000000061883904,WEB_SITE,3330,0,,,-3330.0,,band4_unjudgeable,not_judged_no_bep,False
grp-a001-01-000000061924085,WEB_SITE,860,0,,,-860.0,,band4_unjudgeable,not_judged_no_bep,False
grp-a001-01-000000061924086,WEB_SITE,3780,0,,,-3780.0,,band4_unjudgeable,not_judged_no_bep,False
grp-a001-01-000000061924087,WEB_SITE,815,0,,,-815.0,,band4_unjudgeable,not_judged_no_bep,False
grp-a001-01-000000061924088,WEB_SITE,490,0,,,-490.0,,band4_unjudgeable,not_judged_no_bep,False
grp-a001-01-000000061924089,WEB_SITE,470,0,,,-470.0,,band4_unjudgeable,not_judged_no_bep,False
grp-a001-01-000000061924090,WEB_SITE,2800,0,,,-2800.0,,band4_unjudgeable,not_judged_no_bep,False
grp-a001-01-000000061924091,WEB_SITE,0,0,,,0.0,,excluded_cost0,not_judged_no_bep,False
grp-a001-01-000000061924092,WEB_SITE,500,0,,,-500.0,,band4_unjudgeable,not_judged_no_bep,False
grp-a001-01-000000061924093,WEB_SITE,500,0,,,-500.0,,band4_unjudgeable,not_judged_no_bep,False
grp-a001-01-000000061924094,WEB_SITE,0,0,,,0.0,,excluded_cost0,not_judged_no_bep,False
grp-a001-01-000000061924107,WEB_SITE,3250,0,,,-3250.0,,band4_unjudgeable,not_judged_no_bep,False
grp-a001-01-000000061924108,WEB_SITE,5960,0,,,-5960.0,,band4_unjudgeable,not_judged_no_bep,False
grp-a001-01-000000061924109,WEB_SITE,920,0,,,-920.0,,band4_unjudgeable,not_judged_no_bep,False
grp-a001-01-000000061924110,WEB_SITE,4660,12800,,,2821.01,,band1,not_judged_no_bep,False
grp-a001-01-000000061924111,WEB_SITE,4430,0,,,-4430.0,,band4_unjudgeable,not_judged_no_bep,False
grp-a001-01-000000061924112,WEB_SITE,0,0,,,0.0,,excluded_cost0,not_judged_no_bep,False
grp-a001-01-000000061924113,WEB_SITE,4690,0,,,-4690.0,,band4_unjudgeable,not_judged_no_bep,False
grp-a001-01-000000061924114,WEB_SITE,11320,0,,,-11320.0,,band4_unjudgeable,not_judged_no_bep,False
grp-a001-01-000000061924115,WEB_SITE,4650,0,,,-4650.0,,band4_unjudgeable,not_judged_no_bep,False
grp-a001-01-000000061924116,WEB_SITE,8626,0,,,-8626.0,,band4_unjudgeable,not_judged_no_bep,False
grp-a001-01-000000061924149,WEB_SITE,0,0,,,0.0,,excluded_cost0,not_judged_no_bep,False
grp-a001-01-000000061924150,WEB_SITE,0,0,,,0.0,,excluded_cost0,not_judged_no_bep,False
grp-a001-01-000000061924151,WEB_SITE,385,0,,,-385.0,,band4_unjudgeable,not_judged_no_bep,False
grp-a001-01-000000061924152,WEB_SITE,50520,41700,,,-26148.29,,band3,not_judged_no_bep,False
grp-a001-01-000000061924153,WEB_SITE,15010,0,,,-15010.0,,band3,not_judged_no_bep,False
grp-a001-01-000000061924154,WEB_SITE,5490,0,,,-5490.0,,band4_unjudgeable,not_judged_no_bep,False
grp-a001-01-000000061924155,WEB_SITE,37160,80100,,,9654.73,,band1,not_judged_no_bep,False
grp-a001-01-000000061924156,WEB_SITE,39162,55500,,,-6724.83,,band3,not_judged_no_bep,False
grp-a001-01-000000061924157,WEB_SITE,11820,0,,,-11820.0,,band4_unjudgeable,not_judged_no_bep,False
grp-a001-01-000000061924158,WEB_SITE,61490,53200,,,-30397.07,,band3,not_judged_no_bep,False
grp-a001-01-000000061924189,WEB_SITE,12470,41200,,,11609.49,,band1,not_judged_no_bep,False
grp-a001-01-000000061924190,WEB_SITE,12550,0,,,-12550.0,,band4_unjudgeable,not_judged_no_bep,False
grp-a001-01-000000061924191,WEB_SITE,15080,0,,,-15080.0,,band4_unjudgeable,not_judged_no_bep,False
grp-a001-01-000000061924192,WEB_SITE,56754,12900,,,-49214.55,,band3,not_judged_no_bep,False
grp-a001-01-000000061924193,WEB_SITE,7660,0,,,-7660.0,,band4_unjudgeable,not_judged_no_bep,False
grp-a001-01-000000061924194,WEB_SITE,0,0,,,0.0,,band4_unjudgeable,not_judged_no_bep,False
grp-a001-01-000000061924195,WEB_SITE,0,0,,,0.0,,band4_unjudgeable,not_judged_no_bep,False
grp-a001-01-000000062965454,WEB_SITE,1361255,2625000,,,172935.53,,band2,not_judged_no_bep,False
grp-a001-01-000000062965457,WEB_SITE,1405838,3264100,,,501876.79,,band1,not_judged_no_bep,False
grp-a001-01-000000062965459,WEB_SITE,299946,760200,,,144355.58,,band1,not_judged_no_bep,False
grp-a001-01-000000067675781,WEB_SITE,811579,281600,,,-646996.88,,band3,not_judged_no_bep,False
grp-a001-01-000000070094275,WEB_SITE,40718,0,,,-40718.0,,band3,not_judged_no_bep,False
grp-a001-01-000000070102294,WEB_SITE,0,0,,,0.0,,excluded_cost0,not_judged_no_bep,False
grp-a001-01-000000070109481,WEB_SITE,67142,0,,,-67142.0,,band3,not_judged_no_bep,False
grp-a001-01-000000070110695,WEB_SITE,62560,0,,,-62560.0,,band3,not_judged_no_bep,False
grp-a001-01-000000070110703,WEB_SITE,4388,0,,,-4388.0,,band4_unjudgeable,not_judged_no_bep,False
grp-a001-01-000000070111139,WEB_SITE,14993,0,,,-14993.0,,band4_unjudgeable,not_judged_no_bep,False
grp-a001-01-000000070111142,WEB_SITE,1721,0,,,-1721.0,,band4_unjudgeable,not_judged_no_bep,False
grp-a001-01-000000070136001,WEB_SITE,88012,242900,,,53951.76,,band1,not_judged_no_bep,False
grp-a001-01-000000070512941,WEB_SITE,380783,737620,,,50321.62,,band2,not_judged_no_bep,False
grp-a001-01-000000070513016,WEB_SITE,101592,248000,,,43352.48,,band1,not_judged_no_bep,False
grp-a001-01-000000070513065,WEB_SITE,57689,94800,,,-2282.8,,band3,not_judged_no_bep,False
grp-a001-01-000000071340947,WEB_SITE,19652,44500,,,6356.18,,band1,not_judged_no_bep,False
grp-a001-01-000000071340962,WEB_SITE,90779,13800,,,-82713.54,,band3,not_judged_no_bep,False
grp-a001-01-000000071340970,WEB_SITE,816,0,,,-816.0,,band4_unjudgeable,not_judged_no_bep,False
grp-a001-02-000000043610882,SHOPPING,875831,1304430,1.4204,33,-113452.27,42522.98,band3,band2,True
grp-a001-02-000000043610925,SHOPPING,601543,952480,1.4264,34,-44862.7,66207.98,band3,band2,True
grp-a001-02-000000043610930,SHOPPING,1460976,2356760,1.2234,122,-83559.28,465425.83,band3,band1,True
grp-a001-02-000000043615764,SHOPPING,167656,225120,1.4204,15,-36083.82,-9165.43,band3,band3,False
grp-a001-02-000000043624035,SHOPPING,226800,434290,,,27022.33,,band2,not_judged_no_bep,False
grp-a001-02-000000043624057,SHOPPING,356630,640320,,,17607.29,,band2,not_judged_no_bep,False
grp-a001-02-000000043624087,SHOPPING,117630,474840,,,159891.92,,band1,not_judged_no_bep,False
grp-a001-02-000000043624094,SHOPPING,592490,1204520,,,111495.97,,band2,not_judged_no_bep,False
grp-a001-02-000000044103604,SHOPPING,26050,35800,,,-5126.56,,band3,not_judged_no_bep,False
grp-a001-02-000000044108257,SHOPPING,2618758,5992370,1.5005,4,883503.84,1374824.14,band1,band1,False
grp-a001-02-000000044108615,SHOPPING,1389874,3270920,1.4204,6,521826.76,912942.11,band1,band1,False
grp-a001-02-000000044108616,SHOPPING,2413146,4635080,1.5021,1,295842.9,672587.31,band2,band1,True
grp-a001-02-000000044299892,SHOPPING,1487121,3304460,1.5002,1,444182.33,715558.64,band1,band1,False
grp-a001-02-000000044299955,SHOPPING,614282,971210,1.4604,1,-46654.88,50748.13,band3,band2,True
grp-a001-02-000000044299975,SHOPPING,220709,277120,1.5106,1,-58745.24,-37258.72,band3,band3,False
grp-a001-02-000000044300022,SHOPPING,819583,2430690,1.4323,3,601042.37,877470.69,band1,band1,False
grp-a001-02-000000044300024,SHOPPING,1355663,3586630,1.4293,2,740555.59,1153698.23,band1,band1,False
grp-a001-02-000000044300027,SHOPPING,907679,2296130,1.4642,2,434302.3,660501.58,band1,band1,False
grp-a001-02-000000044300450,SHOPPING,337705,489900,1.5022,1,-51381.21,-11583.31,band3,band3,False
grp-a001-02-000000044300513,SHOPPING,256087,330810,1.4814,1,-62743.93,-32777.97,band3,band3,False
grp-a001-02-000000044490481,SHOPPING,4374451,9868330,1.556,7,1393129.36,1967663.4,band1,band1,False
grp-a001-02-000000044490484,SHOPPING,3008410,5761400,1.5379,8,358860.6,737867.39,band2,band1,True
grp-a001-02-000000044565865,SHOPPING,25563,42600,,,-665.28,,band3,not_judged_no_bep,False
grp-a001-02-000000044601438,SHOPPING,2520924,4964570,1.5001,4,380636.49,788568.7,band2,band1,True
grp-a001-02-000000044601555,SHOPPING,1559592,3667760,1.4916,4,584043.3,899351.42,band1,band1,False
grp-a001-02-000000044603941,SHOPPING,691058,1244010,1.5366,3,36008.04,118528.1,band2,band2,False
grp-a001-02-000000044603942,SHOPPING,940874,2050300,1.4566,3,257431.08,466719.02,band1,band1,False
grp-a001-02-000000044628749,SHOPPING,514875,1162660,1.5125,5,164645.75,253825.83,band1,band1,False
grp-a001-02-000000044629990,SHOPPING,1404888,2333600,,,-41007.23,,band3,not_judged_no_bep,False
grp-a001-02-000000044629993,SHOPPING,1128973,2531950,,,350834.13,,band1,not_judged_no_bep,False
grp-a001-02-000000044743916,SHOPPING,274697,489230,1.5035,5,11235.2,50697.08,band2,band2,False
grp-a001-02-000000044743917,SHOPPING,154853,224960,1.5939,4,-23374.33,-13714.91,band3,band3,False
grp-a001-02-000000044743918,SHOPPING,374408,444200,1.5035,5,-114793.74,-78964.04,band3,band3,False
grp-a001-02-000000044743919,SHOPPING,111189,236900,1.5035,6,27268.04,46376.68,band1,band1,False
grp-a001-02-000000044744110,SHOPPING,613739,647010,1.5939,3,-235591.72,-207810.15,band3,band3,False
grp-a001-02-000000044744111,SHOPPING,570392,648720,1.5818,2,-191245.3,-160276.94,band3,band3,False
grp-a001-02-000000044744526,SHOPPING,368344,438920,1.5939,1,-111815.65,-92969.13,band3,band3,False
grp-a001-02-000000044823468,SHOPPING,2355414,5070780,1.5781,4,608221.3,857804.43,band1,band1,False
grp-a001-02-000000044825994,SHOPPING,297644,603720,1.3849,5,55202.29,138286.39,band2,band1,True
grp-a001-02-000000044952212,SHOPPING,1607,0,1.7148,5,-1607.0,-1607.0,band4_unjudgeable,band4_unjudgeable,False
grp-a001-02-000000044952305,SHOPPING,18409,62010,1.6042,6,17832.96,20245.78,band1,band1,False
grp-a001-02-000000045023175,SHOPPING,50450,124010,,,22028.08,,band1,not_judged_no_bep,False
grp-a001-02-000000045023176,SHOPPING,608768,1163470,1.4144,6,71226.16,213821.08,band2,band1,True
grp-a001-02-000000045023177,SHOPPING,1367556,2645530,1.403,8,178633.36,518067.66,band2,band1,True
grp-a001-02-000000045023993,SHOPPING,630014,1055400,1.4989,4,-13181.74,74102.35,band3,band2,True
grp-a001-02-000000045025481,SHOPPING,954955,1545810,1.507,2,-51500.88,70798.15,band3,band2,True
grp-a001-02-000000045025482,SHOPPING,171125,270300,1.435,2,-13147.21,17237.37,band3,band2,True
grp-a001-02-000000045025483,SHOPPING,2669838,5878950,1.4168,5,766135.12,1479618.52,band1,band1,False
grp-a001-02-000000045087060,SHOPPING,194365,522180,1.9071,2,110824.95,79443.4,band1,band1,False
grp-a001-02-000000045087074,SHOPPING,0,0,1.6088,1,0.0,0.0,excluded_cost0,excluded_cost0,False
grp-a001-02-000000045329157,SHOPPING,934,0,1.7993,4,-934.0,-934.0,band4_unjudgeable,band4_unjudgeable,False
grp-a001-02-000000045448738,SHOPPING,156817,179690,,,-51796.54,,band3,not_judged_no_bep,False
grp-a001-02-000000045448744,SHOPPING,235399,537920,1.8333,1,78990.25,58017.24,band1,band1,False
grp-a001-02-000000045687119,SHOPPING,170230,606460,1.7463,2,184217.69,177052.83,band1,band1,False
grp-a001-02-000000045811975,SHOPPING,1865215,4398970,1.4982,1,705778.57,1070955.07,band1,band1,False
grp-a001-02-000000045949118,SHOPPING,320741,954040,1.9451,2,236851.05,169742.78,band1,band1,False
grp-a001-02-000000045949120,SHOPPING,0,0,1.6042,1,0.0,0.0,excluded_cost0,excluded_cost0,False
grp-a001-02-000000045949121,SHOPPING,0,0,1.6088,1,0.0,0.0,excluded_cost0,excluded_cost0,False
grp-a001-02-000000046072248,SHOPPING,434227,987950,1.5125,8,143183.87,218963.08,band1,band1,False
grp-a001-02-000000046072553,SHOPPING,560516,1105460,1.7581,8,85574.01,68265.07,band2,band2,False
grp-a001-02-000000046072554,SHOPPING,704835,1800600,1.5584,7,347532.04,450580.81,band1,band1,False
grp-a001-02-000000046074558,SHOPPING,452833,927200,1.7635,1,89072.32,72939.61,band2,band2,False
grp-a001-02-000000046074559,SHOPPING,86438,237800,1.7847,1,52545.05,46805.68,band1,band1,False
grp-a001-02-000000046125958,SHOPPING,101758,31800,1.8864,1,-83172.38,-84900.49,band3,band3,False
grp-a001-02-000000046125983,SHOPPING,164663,110500,1.6088,1,-100080.88,-95978.27,band3,band3,False
grp-a001-02-000000046126151,SHOPPING,34775,26900,1.9543,1,-19053.2,-21010.48,band3,band3,False
grp-a001-02-000000046126174,SHOPPING,71074,159000,1.7855,1,21854.11,17976.69,band1,band1,False
grp-a001-02-000000046126176,SHOPPING,159345,77910,1.514,1,-113810.23,-107885.29,band3,band3,False
grp-a001-02-000000046126177,SHOPPING,232340,174900,,,-130119.08,,band3,not_judged_no_bep,False
grp-a001-02-000000046126252,SHOPPING,43541,31800,1.9733,1,-24955.38,-27425.86,band3,band3,False
grp-a001-02-000000046126256,SHOPPING,188173,143100,1.8065,1,-104537.7,-108959.05,band3,band3,False
grp-a001-02-000000046126369,SHOPPING,137613,190800,1.8849,1,-26099.27,-36387.47,band3,band3,False
grp-a001-02-000000046126373,SHOPPING,254817,559500,1.7334,1,72184.75,67959.05,band1,band1,False
grp-a001-02-000000046161213,SHOPPING,254056,495310,1.9435,3,35429.68,798.64,band2,band2,False
grp-a001-02-000000046161215,SHOPPING,16135,79500,1.7517,3,30329.06,29249.48,band1,band1,False
grp-a001-02-000000046222149,SHOPPING,24155,19200,1.9075,2,-12933.49,-14089.47,band3,band3,False
grp-a001-02-000000046222157,SHOPPING,79625,121600,1.9075,2,-8555.45,-15876.64,band3,band3,False
grp-a001-02-000000046223421,SHOPPING,1243553,2919050,1.841,3,462496.09,342025.49,band1,band1,False
grp-a001-02-000000046224017,SHOPPING,1071580,1793420,1.9422,3,-23409.34,-148183.85,band3,band3,False
grp-a001-02-000000046224018,SHOPPING,1691605,4540440,1.9334,5,962071.21,656817.47,band1,band1,False
grp-a001-02-000000046224076,SHOPPING,983442,1956750,2.1912,1,160187.46,-90438.17,band2,band3,True
grp-a001-02-000000046224077,SHOPPING,1446932,2988110,2.3227,1,299479.46,-160450.75,band1,band3,True
grp-a001-02-000000046415318,SHOPPING,241633,521040,1.8209,3,62890.67,44511.21,band1,band2,True
grp-a001-02-000000046415341,SHOPPING,152112,450160,1.6946,3,110985.6,113531.81,band1,band1,False
grp-a001-02-000000046437508,SHOPPING,1519712,4285570,1.4185,1,985004.54,1501486.45,band1,band1,False
grp-a001-02-000000046838302,SHOPPING,1457699,4352590,1.9159,2,1086187.62,814126.25,band1,band1,False
grp-a001-02-000000046838304,SHOPPING,636841,1808810,1.7706,1,420324.4,384739.26,band1,band1,False
grp-a001-02-000000046838305,SHOPPING,323157,648130,1.6946,2,55644.87,59310.84,band2,band2,False
grp-a001-02-000000046842468,SHOPPING,0,0,,,0.0,,excluded_cost0,not_judged_no_bep,False
grp-a001-02-000000046842692,SHOPPING,0,0,,,0.0,,excluded_cost0,not_judged_no_bep,False
grp-a001-02-000000046842695,SHOPPING,0,0,,,0.0,,excluded_cost0,not_judged_no_bep,False
grp-a001-02-000000046842713,SHOPPING,0,0,,,0.0,,excluded_cost0,not_judged_no_bep,False
grp-a001-02-000000046842714,SHOPPING,4030,0,,,-4030.0,,band4_unjudgeable,not_judged_no_bep,False
grp-a001-02-000000046842715,SHOPPING,0,0,,,0.0,,excluded_cost0,not_judged_no_bep,False
grp-a001-02-000000046842716,SHOPPING,1450,0,,,-1450.0,,band4_unjudgeable,not_judged_no_bep,False
grp-a001-02-000000046842729,SHOPPING,2730,0,,,-2730.0,,band4_unjudgeable,not_judged_no_bep,False
grp-a001-02-000000046842731,SHOPPING,3970,0,,,-3970.0,,band4_unjudgeable,not_judged_no_bep,False
grp-a001-02-000000046842732,SHOPPING,2670,0,,,-2670.0,,band4_unjudgeable,not_judged_no_bep,False
grp-a001-02-000000046843727,SHOPPING,0,0,,,0.0,,excluded_cost0,not_judged_no_bep,False
grp-a001-02-000000046843728,SHOPPING,0,0,,,0.0,,excluded_cost0,not_judged_no_bep,False
grp-a001-02-000000046843730,SHOPPING,3070,31800,,,15515.62,,band1,not_judged_no_bep,False
grp-a001-02-000000046843732,SHOPPING,24380,15900,,,-15087.19,,band3,not_judged_no_bep,False
grp-a001-02-000000046843733,SHOPPING,0,0,,,0.0,,excluded_cost0,not_judged_no_bep,False
grp-a001-02-000000046843734,SHOPPING,4850,0,,,-4850.0,,band4_unjudgeable,not_judged_no_bep,False
grp-a001-02-000000046843735,SHOPPING,26580,15900,,,-17287.19,,band3,not_judged_no_bep,False
grp-a001-02-000000046843736,SHOPPING,45250,77910,,,284.77,,band2,not_judged_no_bep,False
grp-a001-02-000000047005161,SHOPPING,415401,2166620,1.625,1,850887.72,917903.62,band1,band1,False
grp-a001-02-000000047005364,SHOPPING,5494998,11988900,1.4885,1,1511957.0,2559352.02,band1,band1,False
grp-a001-02-000000047076131,SHOPPING,174482,98820,1.8724,1,-116726.3,-121704.82,band3,band3,False
grp-a001-02-000000047076159,SHOPPING,265678,318410,1.5716,1,-79582.15,-63075.56,band3,band3,False
grp-a001-02-000000047076722,SHOPPING,516809,922850,1.8557,1,22553.95,-19503.4,band2,band3,True
grp-a001-02-000000047076723,SHOPPING,270183,318560,1.8724,1,-83999.48,-100048.41,band3,band3,False
grp-a001-02-000000047076737,SHOPPING,246308,121300,1.5716,1,-175413.79,-169125.51,band3,band3,False
grp-a001-02-000000047076738,SHOPPING,48542,44600,1.8724,1,-22475.37,-24722.3,band3,band3,False
grp-a001-02-000000047076745,SHOPPING,1125757,2749210,1.7274,2,481028.51,465773.62,band1,band1,False
grp-a001-02-000000047076797,SHOPPING,1469905,3639920,1.8396,3,657459.11,508742.53,band1,band1,False
grp-a001-02-000000047076945,SHOPPING,1377323,2394350,1.6499,3,22063.32,73886.16,band2,band2,False
grp-a001-02-000000047076946,SHOPPING,1670946,3798840,1.7512,5,549299.47,498332.21,band1,band1,False
grp-a001-02-000000047077161,SHOPPING,1728358,4417660,1.8095,4,853559.01,713012.54,band1,band1,False
grp-a001-02-000000047485224,SHOPPING,5847026,11785240,1.3977,14,1040899.19,2584854.95,band2,band1,True
grp-a001-02-000000047485408,SHOPPING,452749,439910,,,-195642.05,,band3,not_judged_no_bep,False
grp-a001-02-000000048079095,SHOPPING,302522,353920,,,-95672.2,,band3,not_judged_no_bep,False
grp-a001-02-000000048079128,SHOPPING,25980,0,,,-25980.0,,band4_unjudgeable,not_judged_no_bep,False
grp-a001-02-000000049350416,SHOPPING,358788,268700,1.8724,1,-201745.33,-215282.34,band3,band3,False
grp-a001-02-000000049353543,SHOPPING,0,0,,,0.0,,excluded_cost0,not_judged_no_bep,False
grp-a001-02-000000049354013,SHOPPING,294813,150410,1.5716,1,-206905.34,-199107.99,band3,band3,False
grp-a001-02-000000051215431,SHOPPING,180,14220,1.8209,3,8130.93,7629.33,band1,band1,False
grp-a001-02-000000051215435,SHOPPING,0,0,1.6946,3,0.0,0.0,excluded_cost0,excluded_cost0,False
grp-a001-02-000000052176555,SHOPPING,4103720,7924220,,,527618.4,,band2,not_judged_no_bep,False
grp-a001-02-000000052176575,SHOPPING,8705950,17894020,,,1752273.26,,band1,not_judged_no_bep,False
grp-a001-02-000000052193550,SHOPPING,177749,226900,1.2497,3,-45136.49,3814.58,band3,band2,True
grp-a001-02-000000052193556,SHOPPING,105241,135430,1.2423,2,-26088.46,3774.54,band3,band2,True
grp-a001-02-000000052193613,SHOPPING,92332,113920,,,-25751.05,,band3,not_judged_no_bep,False
grp-a001-02-000000052193617,SHOPPING,563002,785660,1.2423,3,-103820.23,69421.73,band3,band2,True
grp-a001-02-000000052193624,SHOPPING,459832,536740,1.2423,4,-146132.41,-27778.55,band3,band3,False
grp-a001-02-000000052193631,SHOPPING,757907,991820,1.3714,3,-178234.29,-34689.85,band3,band3,False
grp-a001-02-000000052350928,SHOPPING,7920,130600,,,68409.63,,band1,not_judged_no_bep,False
grp-a001-02-000000052350984,SHOPPING,1267785,4262840,1.3306,20,1223646.91,1935912.58,band1,band1,False
grp-a001-02-000000052819145,SHOPPING,1298273,1595220,1.3535,2,-365941.03,-119684.16,band3,band3,False
grp-a001-02-000000052959049,SHOPPING,727237,422370,,,-480381.36,,band3,not_judged_no_bep,False
grp-a001-02-000000053253939,SHOPPING,53520,89400,,,-1269.85,,band3,not_judged_no_bep,False
grp-a001-02-000000053481812,SHOPPING,208907,190000,2.0955,1,-97860.83,-118236.52,band3,band3,False
grp-a001-02-000000053481831,SHOPPING,53293,0,2.0769,1,-53293.0,-53293.0,band3,band3,False
grp-a001-02-000000053481892,SHOPPING,61730,15900,2.2159,1,-52437.19,-54554.59,band3,band3,False
grp-a001-02-000000053481936,SHOPPING,18950,0,,,-18950.0,,band4_unjudgeable,not_judged_no_bep,False
grp-a001-02-000000053481974,SHOPPING,84653,48700,1.8295,1,-56190.11,-58033.71,band3,band3,False
grp-a001-02-000000053482043,SHOPPING,64490,63600,2.0769,1,-27318.76,-33867.44,band3,band3,False
grp-a001-02-000000053482102,SHOPPING,105463,0,2.2159,1,-105463.0,-105463.0,band3,band3,False
grp-a001-02-000000053482158,SHOPPING,141411,127400,2.0769,1,-66951.62,-80069.58,band3,band3,False
grp-a001-02-000000053482203,SHOPPING,326533,412600,1.9334,1,-85387.47,-113126.57,band3,band3,False
grp-a001-02-000000054131225,SHOPPING,1360,0,,,-1360.0,,band4_unjudgeable,not_judged_no_bep,False
grp-a001-02-000000054204201,SHOPPING,856987,754470,1.7106,1,-416034.34,-415931.23,band3,band3,False
grp-a001-02-000000054212607,SHOPPING,894924,1247450,1.2423,69,-165847.44,109221.54,band3,band2,True
grp-a001-02-000000054282282,SHOPPING,109352,107200,2.7546,1,-46698.58,-70435.28,band3,band3,False
grp-a001-02-000000054403336,SHOPPING,210190,23800,,,-196280.01,,band3,not_judged_no_bep,False
grp-a001-02-000000054530371,SHOPPING,1948527,3142760,1.5028,1,-111729.81,142742.63,band3,band2,True
grp-a001-02-000000054536931,SHOPPING,1760957,3477370,1.613,2,271404.19,394883.05,band2,band1,True
grp-a001-02-000000054537415,SHOPPING,1073844,1771140,1.4264,14,-38694.96,167841.36,band3,band2,True
grp-a001-02-000000054537529,SHOPPING,4554228,9528550,1.5005,1,1014766.74,1796021.92,band1,band1,False
grp-a001-02-000000054537533,SHOPPING,1510724,2926540,1.4168,1,199702.65,554874.53,band2,band1,True
grp-a001-02-000000054537767,SHOPPING,1969008,4448850,1.7765,2,631138.11,535270.07,band1,band1,False
grp-a001-02-000000054538147,SHOPPING,2469065,5122030,1.4204,1,524523.54,1136982.59,band1,band1,False
grp-a001-02-000000054607977,SHOPPING,65442,208690,1.2423,3,56527.61,102544.8,band1,band1,False
grp-a001-02-000000054608016,SHOPPING,328215,94080,1.3503,2,-273229.61,-258541.59,band3,band3,False
grp-a001-02-000000054617822,SHOPPING,6268292,10924080,,,116325.18,,band2,not_judged_no_bep,False
grp-a001-02-000000054617868,SHOPPING,1764560,2289030,,,-426728.32,,band3,not_judged_no_bep,False
grp-a001-02-000000055045417,SHOPPING,795618,1073960,1.5028,1,-167938.28,-80978.66,band3,band3,False
grp-a001-02-000000055074537,SHOPPING,858520,1516610,2.0477,2,27868.08,-117879.28,band2,band3,True
grp-a001-02-000000055074671,SHOPPING,427797,795400,1.9491,2,37077.34,-19711.22,band2,band3,True
grp-a001-02-000000055087285,SHOPPING,693818,1466950,1.7343,2,163546.11,152027.59,band1,band1,False
grp-a001-02-000000055091017,SHOPPING,490,0,,,-490.0,,band4_unjudgeable,not_judged_no_bep,False
grp-a001-02-000000055116659,SHOPPING,372172,1161070,1.2423,72,306419.47,562441.22,band1,band1,False
grp-a001-02-000000055116668,SHOPPING,264541,1215900,1.3977,88,446096.05,605388.17,band1,band1,False
grp-a001-02-000000055116672,SHOPPING,132920,492120,1.4258,84,154701.27,212233.6,band1,band1,False
grp-a001-02-000000055116677,SHOPPING,378434,884190,1.2234,68,138333.97,344297.73,band1,band1,False
grp-a001-02-000000055116682,SHOPPING,312656,470750,1.4264,35,-37524.5,17370.64,band3,band2,True
grp-a001-02-000000055116686,SHOPPING,348639,545300,1.4204,26,-29936.49,35266.94,band3,band2,True
grp-a001-02-000000055386434,SHOPPING,30109,9700,1.8058,2,-24439.8,-24737.42,band3,band3,False
grp-a001-02-000000056537604,SHOPPING,733618,983800,1.3977,14,-158632.61,-29747.36,band3,band3,False
grp-a001-02-000000058445051,SHOPPING,287680,332310,,,-93460.25,,band3,not_judged_no_bep,False
grp-a001-02-000000058709325,SHOPPING,281887,229700,1.5939,1,-147638.02,-137775.07,band3,band3,False
grp-a001-02-000000058709513,SHOPPING,306021,291400,1.504,1,-135711.24,-112271.0,band3,band3,False
grp-a001-02-000000058709674,SHOPPING,376564,493700,1.5448,2,-88019.29,-56975.7,band3,band3,False
grp-a001-02-000000059252905,SHOPPING,219452,217400,1.3867,1,-92391.8,-62676.92,band3,band3,False
grp-a001-02-000000059808374,SHOPPING,93270,47700,,,-65391.57,,band3,not_judged_no_bep,False
grp-a001-02-000000059808403,SHOPPING,175345,251400,1.3977,14,-28413.38,4521.92,band3,band2,True
grp-a001-02-000000059809116,SHOPPING,137225,251220,1.5125,5,9601.42,28870.87,band2,band1,True
grp-a001-02-000000059810135,SHOPPING,193088,318000,1.8583,3,-7231.78,-21963.85,band3,band3,False
grp-a001-02-000000059810410,SHOPPING,227796,397500,1.8561,3,4524.28,-13637.28,band2,band3,True
grp-a001-02-000000059811691,SHOPPING,159794,367700,1.8379,1,55109.57,40271.29,band1,band1,False
grp-a001-02-000000059812037,SHOPPING,414512,732400,1.4144,6,13541.77,103304.74,band2,band1,True
grp-a001-02-000000059812606,SHOPPING,572883,1617900,1.8704,1,372704.38,292119.14,band1,band1,False
grp-a001-02-000000059817936,SHOPPING,161314,353800,1.403,8,45465.66,90859.91,band1,band1,False
grp-a001-02-000000059819574,SHOPPING,74110,50700,,,-44478.21,,band3,not_judged_no_bep,False
grp-a001-02-000000059819577,SHOPPING,34600,37800,,,-12507.66,,band3,not_judged_no_bep,False
grp-a001-02-000000059819724,SHOPPING,288784,207700,1.8714,1,-167393.0,-177797.57,band3,band3,False
grp-a001-02-000000059819800,SHOPPING,201557,143100,1.8467,1,-117921.7,-124067.42,band3,band3,False
grp-a001-02-000000059820721,SHOPPING,295703,397500,1.5125,5,-63382.72,-32893.08,band3,band3,False
grp-a001-02-000000059820722,SHOPPING,89165,135100,1.5125,5,-10205.33,157.31,band3,band2,True
grp-a001-02-000000059820848,SHOPPING,284103,372600,1.5087,1,-66335.61,-37135.41,band3,band3,False
grp-a001-02-000000059820884,SHOPPING,114475,215600,1.5021,1,11533.18,29057.39,band2,band1,True
grp-a001-02-000000059820913,SHOPPING,910910,1359420,1.5042,1,-116392.17,-7160.5,band3,band3,False
grp-a001-02-000000059820923,SHOPPING,526488,1246200,1.8583,3,201858.0,144124.93,band1,band1,False
grp-a001-02-000000059820925,SHOPPING,179444,263100,1.8583,3,-25674.27,-37862.99,band3,band3,False
grp-a001-02-000000059820931,SHOPPING,395817,699600,1.5115,1,13066.69,67034.47,band2,band2,False
grp-a001-02-000000059820953,SHOPPING,209965,562200,1.502,1,118614.78,164335.93,band1,band1,False
grp-a001-02-000000059820960,SHOPPING,170149,306900,1.475,1,9219.79,37918.8,band2,band1,True
grp-a001-02-000000059820987,SHOPPING,180531,348600,1.4687,1,23209.5,56821.76,band2,band1,True
grp-a001-02-000000059820998,SHOPPING,103341,232500,1.4369,1,32544.45,58465.67,band1,band1,False
grp-a001-02-000000059821015,SHOPPING,149742,315000,1.5817,1,34360.86,49410.81,band1,band1,False
grp-a001-02-000000059821023,SHOPPING,300200,466100,1.5693,1,-27786.21,-3188.59,band3,band3,False
grp-a001-02-000000059821034,SHOPPING,240462,257300,1.4989,1,-90082.11,-68802.78,band3,band3,False
grp-a001-02-000000059821054,SHOPPING,253411,254400,1.5618,1,-104726.02,-90522.03,band3,band3,False
grp-a001-02-000000059821088,SHOPPING,837238,2103400,1.5536,1,392101.57,516649.74,band1,band1,False
grp-a001-02-000000059821217,SHOPPING,426168,560500,1.5708,1,-98581.79,-69343.45,band3,band3,False
grp-a001-02-000000059821232,SHOPPING,120644,71200,1.3867,1,-79030.91,-69299.08,band3,band3,False
grp-a001-02-000000059821852,SHOPPING,276408,421800,1.8333,1,-29885.5,-46331.09,band3,band3,False
grp-a001-02-000000059821874,SHOPPING,85829,76000,1.6894,1,-41410.53,-40842.61,band3,band3,False
grp-a001-02-000000059821962,SHOPPING,1641953,3504200,1.9694,1,406089.08,137370.65,band1,band2,True
grp-a001-02-000000059822073,SHOPPING,432742,732200,1.8561,3,-4805.12,-38258.94,band3,band3,False
grp-a001-02-000000059822154,SHOPPING,276857,477000,1.8561,3,1927.34,-19866.54,band2,band3,True
grp-a001-02-000000059822246,SHOPPING,67827,58700,1.403,8,-33519.58,-25988.08,band3,band3,False
grp-a001-02-000000059822251,SHOPPING,346442,731400,1.4144,6,81027.32,170667.73,band1,band1,False
grp-a001-02-000000059822273,SHOPPING,55039,31800,1.4144,6,-36453.38,-32555.97,band3,band3,False
grp-a001-02-000000059822914,SHOPPING,408543,590600,1.5175,1,-63364.74,-19350.25,band3,band3,False
grp-a001-02-000000059823013,SHOPPING,232754,477000,1.403,8,46030.34,107231.74,band2,band1,True
grp-a001-02-000000059824059,SHOPPING,757851,1657600,1.8646,1,210939.18,131133.23,band1,band2,True
grp-a001-02-000000059826000,SHOPPING,0,0,,,0.0,,excluded_cost0,not_judged_no_bep,False
grp-a001-02-000000059826423,SHOPPING,4069,0,1.9397,1,-4069.0,-4069.0,band4_unjudgeable,band4_unjudgeable,False
grp-a001-02-000000059826577,SHOPPING,3788,0,1.5035,1,-3788.0,-3788.0,band4_unjudgeable,band4_unjudgeable,False
grp-a001-02-000000059826628,SHOPPING,35966,44700,1.435,1,-9840.93,-4816.17,band3,band3,False
grp-a001-02-000000059827137,SHOPPING,2980,0,1.4268,1,-2980.0,-2980.0,band4_unjudgeable,band4_unjudgeable,False
grp-a001-02-000000059827296,SHOPPING,4356,15900,1.5035,1,4936.81,6219.32,band1,band1,False
grp-a001-02-000000059827297,SHOPPING,5053,15900,1.5035,1,4239.81,5522.32,band1,band1,False
grp-a001-02-000000059827298,SHOPPING,2630,0,1.5035,1,-2630.0,-2630.0,band4_unjudgeable,band4_unjudgeable,False
grp-a001-02-000000059828242,SHOPPING,17846,47700,1.441,1,10032.43,15256.01,band1,band1,False
grp-a001-02-000000059828246,SHOPPING,4710,0,1.3977,1,-4710.0,-4710.0,band4_unjudgeable,band4_unjudgeable,False
grp-a001-02-000000059828464,SHOPPING,17577,31800,1.5035,1,1008.62,3573.65,band2,band1,True
grp-a001-02-000000059828469,SHOPPING,5600,0,1.4264,1,-5600.0,-5600.0,band4_unjudgeable,band4_unjudgeable,False
grp-a001-02-000000059828556,SHOPPING,4020,0,1.5035,1,-4020.0,-4020.0,band4_unjudgeable,band4_unjudgeable,False
grp-a001-02-000000059829132,SHOPPING,18482,31800,1.5035,1,103.62,2668.65,band2,band2,False
grp-a001-02-000000059829228,SHOPPING,8690,15900,1.5035,1,602.81,1885.32,band2,band1,True
grp-a001-02-000000059829872,SHOPPING,1000,0,1.403,1,-1000.0,-1000.0,band4_unjudgeable,band4_unjudgeable,False
grp-a001-02-000000059829962,SHOPPING,22568,63600,1.4813,1,14603.24,20367.26,band1,band1,False
grp-a001-02-000000059830517,SHOPPING,475831,853220,1.5806,1,22836.45,63976.67,band2,band2,False
grp-a001-02-000000059830521,SHOPPING,160717,435600,1.5929,1,93870.96,112746.49,band1,band1,False
grp-a001-02-000000059830530,SHOPPING,207093,330200,1.5348,1,-14106.44,8049.04,band3,band2,True
grp-a001-02-000000059830538,SHOPPING,226576,250600,1.5742,1,-80111.94,-67384.03,band3,band3,False
grp-a001-02-000000059830547,SHOPPING,79613,91500,1.5001,1,-26135.5,-18617.07,band3,band3,False
grp-a001-02-000000059830552,SHOPPING,84285,215700,1.5961,1,41781.63,50856.91,band1,band1,False
grp-a001-02-000000059830874,SHOPPING,2918493,6068000,1.3306,17,627971.06,1641855.71,band1,band1,False
grp-a001-02-000000059830952,SHOPPING,1883183,3752690,1.5291,7,310089.94,570999.2,band2,band1,True
grp-a001-02-000000059832147,SHOPPING,667273,1256200,1.8252,1,66917.53,20980.34,band2,band2,False
grp-a001-02-000000059832150,SHOPPING,103771,103600,1.6526,1,-43221.61,-41081.9,band3,band3,False
grp-a001-02-000000059832206,SHOPPING,119599,115400,1.5366,1,-52153.06,-44498.13,band3,band3,False
grp-a001-02-000000059832280,SHOPPING,177828,125300,1.6375,1,-104595.97,-101308.92,band3,band3,False
grp-a001-02-000000059832332,SHOPPING,292052,423600,1.5884,1,-44477.48,-25368.54,band3,band3,False
grp-a001-02-000000059832344,SHOPPING,169292,172000,1.4566,1,-68765.99,-51208.79,band3,band3,False
grp-a001-02-000000059832490,SHOPPING,292400,656110,1.6229,1,91065.81,111882.46,band1,band1,False
grp-a001-02-000000059832492,SHOPPING,189598,242700,1.6406,1,-47751.13,-41664.32,band3,band3,False
grp-a001-02-000000059879629,SHOPPING,266700,475610,1.5846,1,11271.95,33445.15,band2,band2,False
grp-a001-02-000000059879675,SHOPPING,123148,144200,1.639,1,-38869.8,-35167.52,band3,band3,False
grp-a001-02-000000059879687,SHOPPING,289191,481200,1.5813,1,-7951.96,15115.58,band3,band2,True
grp-a001-02-000000059880038,SHOPPING,93798,164100,1.6377,1,2110.83,6403.5,band2,band2,False
grp-a001-02-000000061581230,SHOPPING,50920,50700,,,-21288.21,,band3,not_judged_no_bep,False
grp-a001-02-000000061581250,SHOPPING,142128,154100,,,-52063.71,,band3,not_judged_no_bep,False
grp-a001-02-000000061581254,SHOPPING,146952,166200,,,-49815.82,,band3,not_judged_no_bep,False
grp-a001-02-000000061581256,SHOPPING,0,0,,,0.0,,excluded_cost0,not_judged_no_bep,False
grp-a001-02-000000061581260,SHOPPING,0,0,,,0.0,,excluded_cost0,not_judged_no_bep,False
grp-a001-02-000000061581263,SHOPPING,0,0,,,0.0,,excluded_cost0,not_judged_no_bep,False
grp-a001-02-000000061581264,SHOPPING,71991,33800,,,-52236.47,,band3,not_judged_no_bep,False
grp-a001-02-000000061581269,SHOPPING,329100,28400,,,-312501.52,,band3,not_judged_no_bep,False
grp-a001-02-000000061581308,SHOPPING,47408,0,,,-47408.0,,band3,not_judged_no_bep,False
grp-a001-02-000000061693679,SHOPPING,26615,33800,,,-6860.47,,band3,not_judged_no_bep,False
grp-a001-02-000000061693682,SHOPPING,26740,0,,,-26740.0,,band4_unjudgeable,not_judged_no_bep,False
grp-a001-02-000000061693688,SHOPPING,40350,0,,,-40350.0,,band3,not_judged_no_bep,False
grp-a001-02-000000061693693,SHOPPING,11873,0,,,-11873.0,,band4_unjudgeable,not_judged_no_bep,False
grp-a001-02-000000061693695,SHOPPING,33960,0,,,-33960.0,,band3,not_judged_no_bep,False
grp-a001-02-000000061693698,SHOPPING,40457,0,,,-40457.0,,band3,not_judged_no_bep,False
grp-a001-02-000000061693700,SHOPPING,26890,0,,,-26890.0,,band4_unjudgeable,not_judged_no_bep,False
grp-a001-02-000000061693708,SHOPPING,18930,0,,,-18930.0,,band4_unjudgeable,not_judged_no_bep,False
grp-a001-02-000000061693716,SHOPPING,65000,84500,,,-15613.68,,band3,not_judged_no_bep,False
grp-a001-02-000000061693720,SHOPPING,40868,16900,,,-30990.74,,band3,not_judged_no_bep,False
grp-a001-02-000000061693722,SHOPPING,43855,16900,,,-33977.74,,band3,not_judged_no_bep,False
grp-a001-02-000000061693725,SHOPPING,27716,0,,,-27716.0,,band4_unjudgeable,not_judged_no_bep,False
grp-a001-02-000000061693728,SHOPPING,22140,0,,,-22140.0,,band4_unjudgeable,not_judged_no_bep,False
grp-a001-02-000000061693731,SHOPPING,26682,33800,,,-6927.47,,band3,not_judged_no_bep,False
grp-a001-02-000000061693735,SHOPPING,19960,33800,,,-205.47,,band3,not_judged_no_bep,False
grp-a001-02-000000061693737,SHOPPING,26050,33800,,,-6295.47,,band3,not_judged_no_bep,False
grp-a001-02-000000061693757,SHOPPING,42384,50700,,,-12752.21,,band3,not_judged_no_bep,False
grp-a001-02-000000061693760,SHOPPING,28220,0,,,-28220.0,,band4_unjudgeable,not_judged_no_bep,False
grp-a001-02-000000061693771,SHOPPING,15686,0,,,-15686.0,,band4_unjudgeable,not_judged_no_bep,False
grp-a001-02-000000061693781,SHOPPING,47650,65600,,,-9309.85,,band3,not_judged_no_bep,False
grp-a001-02-000000061793266,SHOPPING,15380,12900,,,-7840.55,,band3,not_judged_no_bep,False
grp-a001-02-000000061793288,SHOPPING,8380,12900,,,-840.55,,band3,not_judged_no_bep,False
grp-a001-02-000000061793303,SHOPPING,13990,0,,,-13990.0,,band4_unjudgeable,not_judged_no_bep,False
grp-a001-02-000000061793320,SHOPPING,33540,38700,,,-10921.65,,band3,not_judged_no_bep,False
grp-a001-02-000000061793328,SHOPPING,50660,93300,,,3869.51,,band2,not_judged_no_bep,False
grp-a001-02-000000061793341,SHOPPING,50951,68500,,,-10915.93,,band3,not_judged_no_bep,False
grp-a001-02-000000061793346,SHOPPING,22527,12900,,,-14987.55,,band3,not_judged_no_bep,False
grp-a001-02-000000061793358,SHOPPING,23070,25800,,,-7991.1,,band3,not_judged_no_bep,False
grp-a001-02-000000061793364,SHOPPING,30730,38700,,,-8111.65,,band3,not_judged_no_bep,False
grp-a001-02-000000061793373,SHOPPING,60164,31800,,,-41578.38,,band3,not_judged_no_bep,False
grp-a001-02-000000061793386,SHOPPING,54581,12900,,,-47041.55,,band3,not_judged_no_bep,False
grp-a001-02-000000061793395,SHOPPING,57247,12900,,,-49707.55,,band3,not_judged_no_bep,False
grp-a001-02-000000061793407,SHOPPING,67016,0,,,-67016.0,,band3,not_judged_no_bep,False
grp-a001-02-000000061793411,SHOPPING,39230,0,,,-39230.0,,band3,not_judged_no_bep,False
grp-a001-02-000000061793423,SHOPPING,97028,106000,,,-35075.93,,band3,not_judged_no_bep,False
grp-a001-02-000000061793448,SHOPPING,15400,0,,,-15400.0,,band4_unjudgeable,not_judged_no_bep,False
grp-a001-02-000000061793457,SHOPPING,9960,0,,,-9960.0,,band4_unjudgeable,not_judged_no_bep,False
grp-a001-02-000000061793470,SHOPPING,6000,0,,,-6000.0,,band4_unjudgeable,not_judged_no_bep,False
grp-a001-02-000000061793476,SHOPPING,6550,0,,,-6550.0,,band4_unjudgeable,not_judged_no_bep,False
grp-a001-02-000000061793489,SHOPPING,21620,16900,,,-11742.74,,band3,not_judged_no_bep,False
grp-a001-02-000000061793496,SHOPPING,8804,0,,,-8804.0,,band4_unjudgeable,not_judged_no_bep,False
grp-a001-02-000000061793511,SHOPPING,8060,0,,,-8060.0,,band4_unjudgeable,not_judged_no_bep,False
grp-a001-02-000000061793521,SHOPPING,28034,0,,,-28034.0,,band4_unjudgeable,not_judged_no_bep,False
grp-a001-02-000000061794086,SHOPPING,3600,0,,,-3600.0,,band4_unjudgeable,not_judged_no_bep,False
grp-a001-02-000000061794093,SHOPPING,6000,0,,,-6000.0,,band4_unjudgeable,not_judged_no_bep,False
grp-a001-02-000000061794099,SHOPPING,0,0,,,0.0,,excluded_cost0,not_judged_no_bep,False
grp-a001-02-000000061794111,SHOPPING,4800,0,,,-4800.0,,band4_unjudgeable,not_judged_no_bep,False
grp-a001-02-000000061794117,SHOPPING,27014,38700,,,-4395.65,,band3,not_judged_no_bep,False
grp-a001-02-000000061794129,SHOPPING,34391,38700,,,-11772.65,,band3,not_judged_no_bep,False
grp-a001-02-000000061794137,SHOPPING,27657,38700,,,-5038.65,,band3,not_judged_no_bep,False
grp-a001-02-000000061794145,SHOPPING,28910,12900,,,-21370.55,,band3,not_judged_no_bep,False
grp-a001-02-000000061794152,SHOPPING,20750,29800,,,-3333.28,,band3,not_judged_no_bep,False
grp-a001-02-000000061794155,SHOPPING,16947,0,,,-16947.0,,band4_unjudgeable,not_judged_no_bep,False
grp-a001-02-000000061794157,SHOPPING,42610,12900,,,-35070.55,,band3,not_judged_no_bep,False
grp-a001-02-000000061794159,SHOPPING,34150,24800,,,-19655.55,,band3,not_judged_no_bep,False
grp-a001-02-000000061794162,SHOPPING,30611,40800,,,-6765.3,,band3,not_judged_no_bep,False
grp-a001-02-000000061794163,SHOPPING,24071,12900,,,-16531.55,,band3,not_judged_no_bep,False
grp-a001-02-000000061794165,SHOPPING,29070,12900,,,-21530.55,,band3,not_judged_no_bep,False
grp-a001-02-000000061794167,SHOPPING,31255,0,,,-31255.0,,band4_unjudgeable,not_judged_no_bep,False
grp-a001-02-000000061794170,SHOPPING,31790,38700,,,-9171.65,,band3,not_judged_no_bep,False
grp-a001-02-000000061794172,SHOPPING,11370,0,,,-11370.0,,band4_unjudgeable,not_judged_no_bep,False
grp-a001-02-000000061794176,SHOPPING,30038,12900,,,-22498.55,,band3,not_judged_no_bep,False
grp-a001-02-000000061794179,SHOPPING,21290,25800,,,-6211.1,,band3,not_judged_no_bep,False
grp-a001-02-000000061794180,SHOPPING,57459,57500,,,-23852.92,,band3,not_judged_no_bep,False
grp-a001-02-000000061794181,SHOPPING,24492,0,,,-24492.0,,band4_unjudgeable,not_judged_no_bep,False
grp-a001-02-000000061794184,SHOPPING,35369,12900,,,-27829.55,,band3,not_judged_no_bep,False
grp-a001-02-000000061794187,SHOPPING,33330,0,,,-33330.0,,band3,not_judged_no_bep,False
grp-a001-02-000000061878144,SHOPPING,148924,137000,1.4009,36,-68853.87,-51129.72,band3,band3,False
grp-a001-02-000000062947038,SHOPPING,489671,685600,1.5024,1,-88969.66,-33334.47,band3,band3,False
grp-a001-02-000000062947040,SHOPPING,1040825,1395810,1.5006,1,-225038.91,-110657.07,band3,band3,False
grp-a001-02-000000062947041,SHOPPING,734847,973300,1.4722,1,-165998.37,-73727.59,band3,band3,False
grp-a001-02-000000063093385,SHOPPING,0,0,,,0.0,,excluded_cost0,not_judged_no_bep,False
grp-a001-02-000000063093697,SHOPPING,3477,0,,,-3477.0,,band4_unjudgeable,not_judged_no_bep,False
grp-a001-02-000000063093828,SHOPPING,739,0,,,-739.0,,band4_unjudgeable,not_judged_no_bep,False
grp-a001-02-000000063095763,SHOPPING,0,0,,,0.0,,excluded_cost0,not_judged_no_bep,False
grp-a001-02-000000063096531,SHOPPING,1291,45700,1.4722,8,25418.53,29750.98,band1,band1,False
grp-a001-02-000000065140028,SHOPPING,198994,318000,1.5852,1,-13137.78,1611.6,band3,band2,True
grp-a001-02-000000069087677,SHOPPING,58111,0,,,-58111.0,,band3,not_judged_no_bep,False
grp-a001-02-000000069089452,SHOPPING,100708,16900,,,-90830.74,,band3,not_judged_no_bep,False
grp-a001-02-000000069089465,SHOPPING,24661,0,,,-24661.0,,band4_unjudgeable,not_judged_no_bep,False
grp-a001-02-000000069089475,SHOPPING,58424,67600,,,-18914.94,,band3,not_judged_no_bep,False
grp-a001-02-000000070108611,SHOPPING,55087,0,,,-55087.0,,band3,not_judged_no_bep,False
grp-a001-02-000000070109616,SHOPPING,295745,67600,,,-256235.94,,band3,not_judged_no_bep,False
grp-a001-02-000000070109620,SHOPPING,6441,0,1.9887,1,-6441.0,-6441.0,band4_unjudgeable,band4_unjudgeable,False
grp-a001-02-000000070451363,SHOPPING,481575,675000,1.9802,1,-87068.86,-140700.34,band3,band3,False
grp-a001-02-000000070523564,SHOPPING,1971616,2499080,1.9735,1,-511019.86,-705297.28,band3,band3,False
grp-a001-02-000000070523694,SHOPPING,260333,312800,1.6132,1,-77515.93,-66432.68,band3,band3,False
grp-a001-02-000000070833125,SHOPPING,5478,0,1.6793,1,-5478.0,-5478.0,band4_unjudgeable,band4_unjudgeable,False
grp-a001-02-000000070833126,SHOPPING,16590,0,1.7219,1,-16590.0,-16590.0,band4_unjudgeable,band4_unjudgeable,False
grp-a001-02-000000070833127,SHOPPING,50810,58200,1.7312,1,-16794.8,-17191.7,band3,band3,False
grp-a001-02-000000070991863,SHOPPING,690503,1108740,1.7219,2,-42495.99,-46598.01,band3,band3,False
grp-a001-02-000000070992078,SHOPPING,51094,163800,1.7312,2,44639.49,43522.45,band1,band1,False
grp-a001-02-000000070992116,SHOPPING,72429,104400,1.6793,2,-11412.05,-10260.24,band3,band3,False
