ad_date,cost,conv_amt,clk,imp,ad_profit,n_grp,roas,dow,md,year,seg,is_summer
2025-07-22,1650090,5349400,1548,206882,1476385.7451782583,264,3.2418837760364587,1,07-22,2025,B 7/20-7/24 (창 초입),True
2025-07-23,2097640,5221400,1820,235444,954025.69257744,262,2.489178314677447,2,07-23,2025,B 7/20-7/24 (창 초입),True
2025-07-24,1822880,3739200,1675,258962,362508.66160140256,265,2.0512595453348546,3,07-24,2025,B 7/20-7/24 (창 초입),True
2025-07-25,1348800,2396000,1461,219913,51550.67212156621,265,1.776393831553974,4,07-25,2025,C 7/25-8/10 (절정),True
2025-07-26,1320700,2230600,1484,190634,-17017.942723553562,259,1.6889528280457333,5,07-26,2025,C 7/25-8/10 (절정),True
2025-07-27,1107040,1629400,1236,177928,-154731.4085330217,265,1.4718528689116925,6,07-27,2025,C 7/25-8/10 (절정),True
2025-07-28,883980,1737700,1042,214408,131624.90940970188,264,1.9657684562999163,0,07-28,2025,C 7/25-8/10 (절정),True
2025-07-29,773160,1835000,889,137796,299312.2384570426,266,2.373376791349785,1,07-29,2025,C 7/25-8/10 (절정),True
2025-07-30,733390,1872300,853,124732,360882.3553477498,267,2.5529390910702356,2,07-30,2025,C 7/25-8/10 (절정),True
2025-07-31,656770,1777500,801,125057,382096.1601402688,268,2.706426907440961,3,07-31,2025,C 7/25-8/10 (절정),True
2025-08-01,599200,1446300,737,125534,246095.14903565162,269,2.4137182910547397,4,08-01,2025,C 7/25-8/10 (절정),True
2025-08-02,690520,1395800,809,112289,125260.24547048504,264,2.021375195504837,5,08-02,2025,C 7/25-8/10 (절정),True
2025-08-03,649050,1717000,789,115853,354456.7212156633,264,2.6454048224327864,6,08-03,2025,C 7/25-8/10 (절정),True
2025-08-04,605590,1395700,773,140732,210131.80011689063,265,2.304694595353292,0,08-04,2025,C 7/25-8/10 (절정),True
2025-08-05,655930,1833000,840,141248,415373.3313851548,268,2.7945055112588233,1,08-05,2025,C 7/25-8/10 (절정),True
2025-08-06,698100,1796700,891,150308,351987.6680303915,282,2.573700042973786,2,08-06,2025,C 7/25-8/10 (절정),True
2025-08-07,675530,1704000,826,141642,320378.82524839265,288,2.5224638432045947,3,08-07,2025,C 7/25-8/10 (절정),True
2025-08-08,664770,1781500,776,138973,376433.97428404435,289,2.6798742422191135,4,08-08,2025,C 7/25-8/10 (절정),True
2025-08-09,747840,1517770,828,122695,139226.0432495616,283,2.029538403936671,5,08-09,2025,C 7/25-8/10 (절정),True
2025-08-10,656270,1494400,747,124073,217137.36411455282,287,2.277111554695476,6,08-10,2025,C 7/25-8/10 (절정),True
2025-08-11,721650,1660900,819,143097,249068.87784921093,292,2.3015312131919905,0,08-11,2025,D 8/11-8/15 (창 말미),True
2025-08-12,786060,2091770,871,147784,436482.37288135587,291,2.6610818512581735,1,08-12,2025,D 8/11-8/15 (창 말미),True
2025-08-13,785700,2197400,858,145627,498578.1998831092,283,2.7967417589410717,2,08-13,2025,D 8/11-8/15 (창 말미),True
2025-08-14,696260,1441940,744,128824,146486.9316189362,279,2.0709792318961306,3,08-14,2025,D 8/11-8/15 (창 말미),True
2025-08-15,678340,1025390,720,114177,-79047.18877849214,276,1.5116165934487131,4,08-15,2025,D 8/11-8/15 (창 말미),True
2025-08-16,846340,1857220,831,119153,239118.79602571588,277,2.1944135926459816,5,08-16,2025,E 8/16-8/31 (창 밖 後),True
2025-08-17,874510,1624180,857,120823,74747.74400935118,279,1.8572457719179885,6,08-17,2025,E 8/16-8/31 (창 밖 後),True
2025-08-18,876640,2341060,901,133425,491600.7948568088,281,2.670491878079942,0,08-18,2025,E 8/16-8/31 (창 밖 後),True
2025-08-19,888160,1932790,913,126118,241465.94973699583,281,2.1761732120338677,1,08-19,2025,E 8/16-8/31 (창 밖 後),True
2025-08-20,909540,2183840,857,109187,366813.00993571006,285,2.4010378872836817,2,08-20,2025,E 8/16-8/31 (창 밖 後),True
2025-08-21,877520,2423250,812,111691,538757.0309760374,284,2.7614755219254263,3,08-21,2025,E 8/16-8/31 (창 밖 後),True
2025-08-22,805880,1855670,774,105525,278672.8930450028,279,2.302662927483,4,08-22,2025,E 8/16-8/31 (창 밖 後),True
2025-08-23,855220,1786760,817,104051,189058.19988310922,277,2.08924019550525,5,08-23,2025,E 8/16-8/31 (창 밖 後),True
2025-08-24,951010,2069200,890,101813,258341.25657510222,278,2.1757920526598036,6,08-24,2025,E 8/16-8/31 (창 밖 後),True
2025-08-25,869800,2238440,816,118944,438464.17299824656,284,2.573511151988963,0,08-25,2025,E 8/16-8/31 (창 밖 後),True
2025-08-26,897970,2170600,859,134948,370644.8451198129,282,2.41722997427531,1,08-26,2025,E 8/16-8/31 (창 밖 後),True
2025-08-27,854390,2399080,835,151660,547760.7890122734,281,2.8079448495417783,2,08-27,2025,E 8/16-8/31 (창 밖 後),True
2025-08-28,777700,1804780,789,147238,277110.05260081816,284,2.320663494920921,3,08-28,2025,E 8/16-8/31 (창 밖 後),True
2025-08-29,729740,1814610,735,128838,330815.2308591466,280,2.4866527804423493,4,08-29,2025,E 8/16-8/31 (창 밖 後),True
2025-08-30,776480,1783960,765,128976,266161.7299824663,282,2.2974963939831032,5,08-30,2025,E 8/16-8/31 (창 밖 後),True
2025-08-31,808720,1914590,780,121126,310268.89538281696,279,2.36743248590365,6,08-31,2025,E 8/16-8/31 (창 밖 後),True
2026-07-01,784325,1647200,641,169922,178386.86440677955,413,2.100149810346476,2,07-01,2026,A 7/1-7/19 (창 밖 前),True
2026-07-02,620782,1040300,494,152100,-12774.986557568733,415,1.6757895686408433,3,07-02,2026,A 7/1-7/19 (창 밖 前),True
2026-07-03,682131,1124900,567,160048,-24679.21741671543,407,1.6490967277546396,4,07-03,2026,A 7/1-7/19 (창 밖 前),True
2026-07-04,866685,1613100,676,170075,76096.99883109285,405,1.861229858599145,5,07-04,2026,A 7/1-7/19 (창 밖 前),True
2026-07-05,858719,1680900,686,188417,123688.94856808874,409,1.9574505746350086,6,07-05,2026,A 7/1-7/19 (창 밖 前),True
2026-07-06,792483,1708750,618,100450,206201.97954412614,416,2.156197672379092,0,07-06,2026,A 7/1-7/19 (창 밖 前),True
2026-07-07,627816,1391500,498,52953,185451.0952659263,411,2.2164137263147166,1,07-07,2026,A 7/1-7/19 (창 밖 前),True
2026-07-08,618185,1247600,475,50125,110979.23144360016,411,2.0181660829686905,2,07-08,2026,A 7/1-7/19 (창 밖 前),True
2026-07-09,592965,1513000,452,44833,291313.1998831092,394,2.5515839889369523,3,07-09,2026,A 7/1-7/19 (창 밖 前),True
2026-07-10,523208,888600,418,41966,-3862.5879602572077,405,1.6983685264751303,4,07-10,2026,A 7/1-7/19 (창 밖 前),True
2026-07-11,603609,1190100,460,47436,91949.15312682635,411,1.9716405818998723,5,07-11,2026,A 7/1-7/19 (창 밖 前),True
2026-07-12,659369,1126300,493,49732,-1098.9824663939835,413,1.7081482447612792,6,07-12,2026,A 7/1-7/19 (창 밖 前),True
2026-07-13,616080,1267900,465,61202,124948.6382232612,453,2.0580119465004545,0,07-13,2026,A 7/1-7/19 (창 밖 前),True
2026-07-14,705503,913800,554,107783,-171429.35885447112,414,1.2952460868344997,1,07-14,2026,A 7/1-7/19 (창 밖 前),True
2026-07-15,781317,1277600,639,190887,-34619.16247808307,411,1.6351877662971623,2,07-15,2026,A 7/1-7/19 (창 밖 前),True
2026-07-16,592896,1002600,495,150791,-6922.884862653475,413,1.6910216968911918,3,07-16,2026,A 7/1-7/19 (창 밖 前),True
2026-07-17,576225,775900,461,81846,-122747.50146113388,416,1.346522625710443,4,07-17,2026,A 7/1-7/19 (창 밖 前),True
2026-07-18,557877,814200,447,78185,-82014.9310344828,417,1.4594614942003346,5,07-18,2026,A 7/1-7/19 (창 밖 前),True
2026-07-19,539060,962800,429,89564,23651.86440677962,416,1.7860720513486439,6,07-19,2026,A 7/1-7/19 (창 밖 前),True
2026-07-20,673173,1050040,466,113917,-59473.409117475196,416,1.559836773013772,0,07-20,2026,B 7/20-7/24 (창 초입),True
2026-07-21,630527,1141800,448,112515,36802.047340736346,416,1.8108661484757989,1,07-21,2026,B 7/20-7/24 (창 초입),True
2026-07-22,636799,1036100,472,134372,-31246.691408533065,408,1.6270440123178584,2,07-22,2026,B 7/20-7/24 (창 초입),True
2026-07-23,815425,1072200,654,160090,-188773.91876095856,404,1.3148971395284668,3,07-23,2026,B 7/20-7/24 (창 초입),True
2026-07-24,622092,1054410,488,98372,-5838.347165400404,411,1.6949422271946915,4,07-24,2026,B 7/20-7/24 (창 초입),True
2026-07-25,552651,865700,415,71356,-46689.57393337235,403,1.5664497123862982,5,07-25,2026,C 7/25-8/10 (절정),True
2026-07-26,574934,818500,460,75021,-96558.78082992407,413,1.4236416701743158,6,07-26,2026,C 7/25-8/10 (절정),True
2026-07-27,775862,1006040,568,124166,-187878.3646990065,414,1.2966738930376793,0,07-27,2026,C 7/25-8/10 (절정),True
2026-07-28,959962,1304400,718,81822,-197600.80771478673,409,1.3588037859831952,1,07-28,2026,C 7/25-8/10 (절정),True
2026-07-29,925912,1335100,730,88533,-145608.08416130923,406,1.4419296866224869,2,07-29,2026,C 7/25-8/10 (절정),True
2026-07-30,691691,1355700,565,105857,100652.65867913495,414,1.9599792392845938,3,07-30,2026,C 7/25-8/10 (절정),True
2026-07-31,758570,1376200,596,86388,45754.956165984746,377,1.8142030399303954,4,07-31,2026,C 7/25-8/10 (절정),True
2026-08-01,704684,998020,564,80268,-121387.68205727646,377,1.4162660142702261,5,08-01,2026,C 7/25-8/10 (절정),True
2026-08-02,755642,1237820,630,86517,-32193.724137931094,377,1.6381037581288493,6,08-02,2026,C 7/25-8/10 (절정),True
2026-08-03,950239,1776120,759,116026,87820.61426066622,380,1.869129766300899,0,08-03,2026,C 7/25-8/10 (절정),True
2026-08-04,803108,1387340,718,105608,7727.768556399718,377,1.72746380312486,1,08-04,2026,C 7/25-8/10 (절정),True
2026-08-05,675089,1316700,536,62624,94460.97077732313,364,1.9504095015620162,2,08-05,2026,C 7/25-8/10 (절정),True
2026-08-06,757715,1021720,684,102265,-160567.13325540625,385,1.3484225599334843,3,08-06,2026,C 7/25-8/10 (절정),True
2026-08-07,789957,1091740,686,147250,-151885.69666861487,383,1.3820245912119267,4,08-07,2026,C 7/25-8/10 (절정),True
2026-08-08,689607,1286820,620,127332,62479.49912331965,380,1.8660193414510005,5,08-08,2026,C 7/25-8/10 (절정),True
2026-08-09,789260,1582930,647,103397,135889.03565166565,377,2.0055875123533435,6,08-09,2026,C 7/25-8/10 (절정),True
2026-08-10,736007,1648530,593,85427,227482.18760958494,381,2.2398292407545037,0,08-10,2026,C 7/25-8/10 (절정),True
2026-08-11,703574,1365200,552,60007,94321.96727060195,376,1.9403786950626374,1,08-11,2026,D 8/11-8/15 (창 말미),True
2026-08-12,776523,1616700,620,60586,168363.03156049087,369,2.081973103179172,2,08-12,2026,D 8/11-8/15 (창 말미),True
2026-08-13,699959,1060000,551,56674,-80438.25189947404,365,1.5143744133584967,3,08-13,2026,D 8/11-8/15 (창 말미),True
2026-08-14,676294,980360,528,58427,-103319.13150204562,372,1.4496062363409996,4,08-14,2026,D 8/11-8/15 (창 말미),True
2026-08-15,596042,960520,458,54492,-34662.68965517245,368,1.6114971763734771,5,08-15,2026,D 8/11-8/15 (창 말미),True
2026-08-16,611632,768810,474,59523,-162298.27703097605,376,1.256981322102179,6,08-16,2026,E 8/16-8/31 (창 밖 後),True
