adgroup_id|probe_status|black_media_count|pc|mobile|media_edit_tm|imp|clk|cost|n_days
grp-a001-01-000000031185769|200|6|1|0|2025-08-14T01:30:58.000Z|0|0|0|0
grp-a001-01-000000031185770|200|6|1|0|2025-08-14T01:30:58.000Z|0|0|0|0
grp-a001-01-000000031185773|200|6|1|0|2025-08-14T01:30:58.000Z|0|0|0|0
grp-a001-01-000000031186567|200|6|1|0|2025-08-14T01:30:59.000Z|0|0|0|0
grp-a001-01-000000032824322|200|6|1|0|2025-08-14T01:30:59.000Z|0|0|0|0
grp-a001-01-000000032895324|200|6|1|0|2025-08-14T01:30:59.000Z|0|0|0|0
grp-a001-01-000000037423624|200|6|1|0|2025-08-14T01:30:58.000Z|0|0|0|0
grp-a001-01-000000037423628|200|6|1|0|2025-08-14T01:30:58.000Z|0|0|0|0
grp-a001-01-000000037423632|200|6|1|0|2025-08-14T01:30:59.000Z|0|0|0|0
grp-a001-01-000000037423635|200|6|1|0|2025-08-14T01:30:58.000Z|0|0|0|0
grp-a001-01-000000037423636|200|6|1|0|2025-08-14T01:30:58.000Z|0|0|0|0
grp-a001-01-000000037842041|200|6|1|0|2025-08-14T01:30:58.000Z|0|0|0|0
grp-a001-01-000000038769329|200|6|1|0|2025-08-14T01:30:59.000Z|0|0|0|0
grp-a001-01-000000038769330|200|6|1|0|2025-08-14T01:30:59.000Z|0|0|0|0
grp-a001-01-000000038769331|200|6|1|0|2025-08-14T01:30:58.000Z|0|0|0|0
grp-a001-01-000000038769333|200|6|1|0|2025-08-14T01:30:58.000Z|0|0|0|0
grp-a001-01-000000038769355|200|6|1|0|2025-08-14T01:30:59.000Z|0|0|0|0
grp-a001-01-000000038934999|200|6|1|0|2025-08-14T01:30:58.000Z|0|0|0|0
grp-a001-01-000000038935115|200|6|1|0|2025-08-14T01:30:58.000Z|0|0|0|0
grp-a001-01-000000039544742|200|6|1|0|2025-08-14T01:30:59.000Z|0|0|0|0
grp-a001-01-000000040080458|200|6|1|0|2025-08-14T01:30:58.000Z|0|0|0|0
grp-a001-01-000000040173285|200|6|1|0|2025-08-14T01:30:58.000Z|0|0|0|0
grp-a001-01-000000040173291|200|6|1|0|2025-08-14T01:30:58.000Z|0|0|0|0
grp-a001-01-000000040173293|200|6|1|0|2025-08-14T01:30:58.000Z|0|0|0|0
grp-a001-01-000000040189696|200|6|1|0|2025-08-14T01:30:58.000Z|0|0|0|0
grp-a001-01-000000040284151|200|6|1|0|2025-08-14T01:30:58.000Z|0|0|0|0
grp-a001-01-000000042969832|200|6|1|0|2025-08-14T01:30:58.000Z|0|0|0|0
grp-a001-01-000000043502813|200|6|1|0|2025-08-14T01:30:59.000Z|0|0|0|0
grp-a001-01-000000043996580|200|6|1|0|2025-08-14T01:30:59.000Z|0|0|0|0
grp-a001-01-000000044378320|200|6|1|0|2025-08-14T01:30:59.000Z|0|0|0|0
grp-a001-01-000000044808498|200|6|1|0|2025-08-14T01:30:58.000Z|0|0|0|0
grp-a001-01-000000044808499|200|6|1|0|2025-08-14T01:30:58.000Z|0|0|0|0
grp-a001-01-000000044808500|200|6|1|0|2025-08-14T01:30:58.000Z|0|0|0|0
grp-a001-01-000000045694026|200|6|1|0|2025-08-14T01:30:58.000Z|0|0|0|0
grp-a001-01-000000045802263|200|6|1|0|2025-08-14T01:30:58.000Z|0|0|0|0
grp-a001-01-000000046132066|200|6|1|0|2025-08-14T01:30:58.000Z|0|0|0|0
grp-a001-01-000000046436150|200|6|1|0|2025-08-14T01:30:58.000Z|0|0|0|0
grp-a001-01-000000046477597|200|6|1|0|2025-08-14T01:30:58.000Z|0|0|0|0
grp-a001-01-000000046480952|200|6|1|0|2025-08-14T01:30:58.000Z|0|0|0|0
grp-a001-01-000000046483564|200|6|1|0|2025-08-14T01:30:58.000Z|0|0|0|0
grp-a001-01-000000046588417|200|6|1|0|2025-08-14T01:30:59.000Z|0|0|0|0
grp-a001-01-000000046837921|200|6|1|0|2025-08-14T01:30:58.000Z|0|0|0|0
grp-a001-01-000000046838157|200|6|1|0|2025-08-14T01:30:59.000Z|0|0|0|0
grp-a001-01-000000046838297|200|6|1|0|2025-08-14T01:30:58.000Z|0|0|0|0
grp-a001-01-000000046838896|200|6|1|0|2025-08-14T01:30:59.000Z|0|0|0|0
grp-a001-01-000000046839132|200|6|1|0|2025-08-14T01:30:58.000Z|0|0|0|0
grp-a001-01-000000046839232|200|6|1|0|2025-08-14T01:30:59.000Z|0|0|0|0
grp-a001-01-000000046971358|200|6|1|0|2025-08-14T01:30:58.000Z|0|0|0|0
grp-a001-01-000000046971480|200|6|1|0|2025-08-14T01:30:58.000Z|0|0|0|0
grp-a001-01-000000046971678|200|6|1|0|2025-08-14T01:30:58.000Z|0|0|0|0
grp-a001-01-000000046975512|200|6|1|0|2025-08-14T01:30:59.000Z|0|0|0|0
grp-a001-01-000000046975542|200|6|1|0|2025-08-14T01:30:59.000Z|0|0|0|0
grp-a001-01-000000046975626|200|6|1|0|2025-08-14T01:30:59.000Z|0|0|0|0
grp-a001-01-000000046975770|200|6|1|0|2025-08-14T01:30:59.000Z|0|0|0|0
grp-a001-01-000000046976107|200|6|1|0|2025-08-14T01:30:59.000Z|0|0|0|0
grp-a001-01-000000046976135|200|6|1|0|2025-08-14T01:30:59.000Z|0|0|0|0
grp-a001-01-000000046978005|200|6|1|0|2025-08-14T01:30:58.000Z|0|0|0|0
grp-a001-01-000000046978099|200|6|1|0|2025-08-14T01:30:59.000Z|0|0|0|0
grp-a001-01-000000046979820|200|6|1|0|2025-08-14T01:30:58.000Z|0|0|0|0
grp-a001-01-000000046980388|200|6|1|0|2025-08-14T01:30:58.000Z|0|0|0|0
grp-a001-01-000000046980878|200|6|1|0|2025-08-14T01:30:58.000Z|0|0|0|0
grp-a001-01-000000047003798|200|6|1|0|2025-08-14T01:30:58.000Z|0|0|0|0
grp-a001-01-000000047166586|200|6|1|0|2025-08-14T01:30:58.000Z|0|0|0|0
grp-a001-01-000000047485563|200|6|1|0|2025-08-14T01:30:58.000Z|0|0|0|0
grp-a001-01-000000047486647|200|6|1|0|2025-08-14T01:30:58.000Z|0|0|0|0
grp-a001-01-000000047487792|200|6|1|0|2025-08-14T01:30:59.000Z|0|0|0|0
grp-a001-01-000000047488926|200|6|1|0|2025-08-14T01:30:58.000Z|0|0|0|0
grp-a001-01-000000047489113|200|6|1|0|2025-08-14T01:30:58.000Z|0|0|0|0
grp-a001-01-000000048499741|200|6|1|0|2025-08-14T01:30:58.000Z|0|0|0|0
grp-a001-01-000000049350730|200|6|1|0|2025-08-14T01:30:58.000Z|0|0|0|0
grp-a001-01-000000049354073|200|6|1|0|2025-08-14T01:30:58.000Z|0|0|0|0
grp-a001-01-000000050221991|200|6|1|0|2025-08-14T01:30:58.000Z|0|0|0|0
grp-a001-01-000000050409988|200|6|1|0|2025-08-14T01:30:58.000Z|0|0|0|0
grp-a001-01-000000052225586|200|6|1|0|2025-08-14T01:30:58.000Z|0|0|0|0
grp-a001-01-000000052263060|200|6|1|0|2025-08-14T01:30:58.000Z|0|0|0|0
grp-a001-01-000000053180338|200|6|1|0|2025-08-14T01:30:58.000Z|0|0|0|0
grp-a001-01-000000053273491|200|6|1|0|2025-08-14T01:30:59.000Z|0|0|0|0
grp-a001-01-000000054212536|200|6|1|0|2025-09-01T08:02:47.000Z|0|0|0|0
grp-a001-01-000000054405090|200|6|1|0|2025-09-05T07:07:44.000Z|0|0|0|0
grp-a001-01-000000054618773|200|6|1|0|2025-09-11T01:22:38.000Z|0|0|0|0
grp-a001-01-000000054671417|200|6|1|0|2025-09-12T02:43:07.000Z|0|0|0|0
grp-a001-01-000000054671419|200|6|1|0|2025-09-12T02:43:08.000Z|0|0|0|0
grp-a001-01-000000055151707|200|6|1|0|2025-09-24T07:39:08.000Z|0|0|0|0
grp-a001-01-000000056068629|200|6|1|0|2025-10-17T00:59:21.000Z|0|0|0|0
grp-a001-01-000000058445534|200|6|1|0|2025-12-03T04:44:58.000Z|0|0|0|0
grp-a001-01-000000059039599|200|6|1|0|2025-12-15T06:57:24.000Z|0|0|0|0
grp-a001-01-000000060894270|200|7|0|1|2026-01-22T09:28:11.000Z|0|0|0|0
grp-a001-01-000000060894271|200|7|0|1|2026-01-22T09:28:12.000Z|0|0|0|0
grp-a001-01-000000060894272|200|7|0|1|2026-01-22T09:28:12.000Z|0|0|0|0
grp-a001-01-000000060894273|200|7|0|1|2026-01-22T09:28:13.000Z|0|0|0|0
grp-a001-01-000000060894274|200|7|0|1|2026-01-22T09:28:13.000Z|0|0|0|0
grp-a001-01-000000060894277|200|7|0|1|2026-01-22T09:28:13.000Z|0|0|0|0
grp-a001-01-000000060894279|200|7|0|1|2026-01-22T09:28:13.000Z|0|0|0|0
grp-a001-01-000000060894280|200|6|0|1|2026-01-22T09:28:14.000Z|0|0|0|0
grp-a001-01-000000060894282|200|7|0|1|2026-01-22T09:28:14.000Z|0|0|0|0
grp-a001-01-000000060894284|200|6|0|1|2026-01-22T09:28:14.000Z|0|0|0|0
grp-a001-01-000000031175118|200|6|0|1|2025-08-13T01:16:53.000Z|0|0|0|0
grp-a001-01-000000031176101|200|6|0|1|2025-08-13T01:16:54.000Z|0|0|0|0
grp-a001-01-000000031176229|200|6|0|1|2025-08-13T01:16:54.000Z|0|0|0|0
grp-a001-01-000000031186688|200|6|0|1|2025-08-13T01:16:55.000Z|0|0|0|0
grp-a001-01-000000031186694|200|6|0|1|2025-08-13T01:16:56.000Z|0|0|0|0
grp-a001-01-000000032245671|200|6|0|1|2025-08-13T01:16:53.000Z|0|0|0|0
grp-a001-01-000000037423343|200|6|0|1|2025-08-13T01:16:53.000Z|0|0|0|0
grp-a001-01-000000037423348|200|6|0|1|2025-08-13T01:16:53.000Z|0|0|0|0
grp-a001-01-000000037423351|200|6|0|1|2025-08-13T01:16:56.000Z|0|0|0|0
grp-a001-01-000000037423354|200|6|0|1|2025-08-13T01:16:53.000Z|0|0|0|0
grp-a001-01-000000037423356|200|6|0|1|2025-08-13T01:16:53.000Z|0|0|0|0
grp-a001-01-000000037840548|200|6|0|1|2025-08-13T01:16:55.000Z|0|0|0|0
grp-a001-01-000000038737184|200|6|0|1|2025-08-13T01:16:55.000Z|0|0|0|0
grp-a001-01-000000038737213|200|6|0|1|2025-08-13T01:16:55.000Z|0|0|0|0
grp-a001-01-000000038737226|200|6|0|1|2025-08-13T01:16:56.000Z|0|0|0|0
grp-a001-01-000000038934985|200|6|0|1|2025-08-13T01:16:54.000Z|0|0|0|0
grp-a001-01-000000038935111|200|6|0|1|2025-08-13T01:16:56.000Z|0|0|0|0
grp-a001-01-000000040080459|200|6|0|1|2025-08-13T01:16:54.000Z|0|0|0|0
grp-a001-01-000000040173278|200|6|0|1|2025-08-13T01:16:53.000Z|0|0|0|0
grp-a001-01-000000040173279|200|6|0|1|2025-08-13T01:16:54.000Z|0|0|0|0
grp-a001-01-000000040173283|200|6|0|1|2025-08-13T01:16:54.000Z|0|0|0|0
grp-a001-01-000000040189692|200|6|0|1|2025-08-13T01:16:54.000Z|0|0|0|0
grp-a001-01-000000040189693|200|6|0|1|2025-08-13T01:16:53.000Z|0|0|0|0
grp-a001-01-000000040211251|200|6|0|1|2025-08-13T01:16:54.000Z|0|0|0|0
grp-a001-01-000000040284140|200|6|0|1|2025-08-13T01:16:54.000Z|0|0|0|0
grp-a001-01-000000041520332|200|6|0|1|2025-08-13T01:16:56.000Z|0|0|0|0
grp-a001-01-000000042724551|200|6|0|1|2025-08-13T01:16:55.000Z|0|0|0|0
grp-a001-01-000000042969517|200|6|0|1|2025-08-13T01:16:54.000Z|0|0|0|0
grp-a001-01-000000043502507|200|6|0|1|2025-08-13T01:16:53.000Z|0|0|0|0
grp-a001-01-000000044377702|200|6|0|1|2025-08-13T01:16:56.000Z|0|0|0|0
grp-a001-01-000000044807690|200|6|0|1|2025-08-13T01:16:53.000Z|0|0|0|0
grp-a001-01-000000044807691|200|6|0|1|2025-08-13T01:16:54.000Z|0|0|0|0
grp-a001-01-000000044808405|200|6|0|1|2025-08-13T01:16:54.000Z|0|0|0|0
grp-a001-01-000000045692018|200|6|0|1|2025-08-13T01:16:55.000Z|0|0|0|0
grp-a001-01-000000045800955|200|6|0|1|2025-08-13T01:16:53.000Z|0|0|0|0
grp-a001-01-000000045920162|200|6|0|1|2025-08-13T01:16:54.000Z|0|0|0|0
grp-a001-01-000000046127917|200|6|0|1|2025-08-13T01:16:54.000Z|0|0|0|0
grp-a001-01-000000046435867|200|6|0|1|2025-08-13T01:16:56.000Z|0|0|0|0
grp-a001-01-000000046436514|200|6|0|1|2025-08-13T01:16:55.000Z|0|0|0|0
grp-a001-01-000000046475854|200|6|0|1|2025-08-13T01:16:53.000Z|0|0|0|0
grp-a001-01-000000046478478|200|6|0|1|2025-08-13T01:16:55.000Z|0|0|0|0
grp-a001-01-000000046507364|200|6|0|1|2025-08-13T01:16:54.000Z|0|0|0|0
grp-a001-01-000000046578743|200|6|0|1|2025-08-13T01:16:54.000Z|0|0|0|0
grp-a001-01-000000046579761|200|6|0|1|2025-08-13T01:16:55.000Z|0|0|0|0
grp-a001-01-000000046581751|200|6|0|1|2025-08-13T01:16:55.000Z|0|0|0|0
grp-a001-01-000000046583926|200|6|0|1|2025-08-13T01:16:55.000Z|0|0|0|0
grp-a001-01-000000046584475|200|6|0|1|2025-08-13T01:16:55.000Z|0|0|0|0
grp-a001-01-000000046585858|200|6|0|1|2025-08-13T01:16:55.000Z|0|0|0|0
grp-a001-01-000000046645092|200|6|0|1|2025-08-13T01:16:53.000Z|0|0|0|0
grp-a001-01-000000046646662|200|6|0|1|2025-08-13T01:16:54.000Z|0|0|0|0
grp-a001-01-000000046646763|200|6|0|1|2025-08-13T01:16:54.000Z|0|0|0|0
grp-a001-01-000000046742693|200|6|0|1|2025-08-13T01:16:54.000Z|0|0|0|0
grp-a001-01-000000046807499|200|6|0|1|2025-08-13T01:16:56.000Z|0|0|0|0
grp-a001-01-000000046834534|200|6|0|1|2025-08-13T01:16:56.000Z|0|0|0|0
grp-a001-01-000000046835241|200|6|0|1|2025-08-13T01:16:56.000Z|0|0|0|0
grp-a001-01-000000046835750|200|6|0|1|2025-08-13T01:16:55.000Z|0|0|0|0
grp-a001-01-000000046904555|200|6|0|1|2025-08-13T01:16:55.000Z|0|0|0|0
grp-a001-01-000000046904979|200|6|0|1|2025-08-13T01:16:54.000Z|0|0|0|0
grp-a001-01-000000046939750|200|6|0|1|2025-08-13T01:16:55.000Z|0|0|0|0
grp-a001-01-000000046939809|200|6|0|1|2025-08-13T01:16:56.000Z|0|0|0|0
grp-a001-01-000000046954263|200|6|0|1|2025-08-13T01:16:53.000Z|0|0|0|0
grp-a001-01-000000046954978|200|6|0|1|2025-08-13T01:16:54.000Z|0|0|0|0
grp-a001-01-000000046962945|200|6|0|1|2025-08-13T01:16:55.000Z|0|0|0|0
grp-a001-01-000000046970779|200|6|0|1|2025-08-13T01:16:55.000Z|0|0|0|0
grp-a001-01-000000046970893|200|6|0|1|2025-08-13T01:16:55.000Z|0|0|0|0
grp-a001-01-000000046973844|200|6|0|1|2025-08-13T01:16:56.000Z|0|0|0|0
grp-a001-01-000000046974236|200|6|0|1|2025-08-13T01:16:56.000Z|0|0|0|0
grp-a001-01-000000046975254|200|6|0|1|2025-08-13T01:16:56.000Z|0|0|0|0
grp-a001-01-000000046976468|200|6|0|1|2025-08-13T01:16:54.000Z|0|0|0|0
grp-a001-01-000000046977473|200|6|0|1|2025-08-13T01:16:55.000Z|0|0|0|0
grp-a001-01-000000047003535|200|6|0|1|2025-08-13T01:16:55.000Z|0|0|0|0
grp-a001-01-000000047075282|200|6|0|1|2025-08-13T01:16:55.000Z|0|0|0|0
grp-a001-01-000000047076625|200|6|0|1|2025-08-13T01:16:55.000Z|0|0|0|0
grp-a001-01-000000047077794|200|6|0|1|2025-08-13T01:16:56.000Z|0|0|0|0
grp-a001-01-000000047078301|200|6|0|1|2025-08-13T01:16:56.000Z|0|0|0|0
grp-a001-01-000000047162713|200|6|0|1|2025-08-13T01:16:55.000Z|0|0|0|0
grp-a001-01-000000047485469|200|6|0|1|2025-08-13T01:16:53.000Z|0|0|0|0
grp-a001-01-000000047486489|200|6|0|1|2025-08-13T01:16:54.000Z|0|0|0|0
grp-a001-01-000000047486686|200|6|0|1|2025-08-13T01:16:55.000Z|0|0|0|0
grp-a001-01-000000047488792|200|6|0|1|2025-08-13T01:16:54.000Z|0|0|0|0
grp-a001-01-000000047489049|200|6|0|1|2025-08-13T01:16:56.000Z|0|0|0|0
grp-a001-01-000000048079773|200|6|0|1|2025-08-13T01:16:56.000Z|0|0|0|0
grp-a001-01-000000048499536|200|6|0|1|2025-08-13T01:16:53.000Z|0|0|0|0
grp-a001-01-000000049350994|200|6|0|1|2025-08-13T01:16:56.000Z|0|0|0|0
grp-a001-01-000000049354066|200|6|0|1|2025-08-13T01:16:56.000Z|0|0|0|0
grp-a001-01-000000049549995|200|6|0|1|2025-08-13T01:16:56.000Z|0|0|0|0
grp-a001-01-000000049863305|200|6|0|1|2025-08-13T01:16:53.000Z|0|0|0|0
grp-a001-01-000000049864292|200|6|0|1|2025-08-13T01:16:54.000Z|0|0|0|0
grp-a001-01-000000049865057|200|6|0|1|2025-08-13T01:16:55.000Z|0|0|0|0
grp-a001-01-000000049865502|200|6|0|1|2025-08-13T01:16:54.000Z|0|0|0|0
grp-a001-01-000000049866750|200|6|0|1|2025-08-13T01:16:54.000Z|0|0|0|0
grp-a001-01-000000050212614|200|6|0|1|2025-08-13T01:16:54.000Z|0|0|0|0
grp-a001-01-000000050397977|200|6|0|1|2025-08-13T01:16:55.000Z|0|0|0|0
grp-a001-01-000000051955092|200|6|0|1|2025-08-13T01:16:55.000Z|0|0|0|0
grp-a001-01-000000052182861|200|6|0|1|2025-08-13T01:16:53.000Z|0|0|0|0
grp-a001-01-000000052260531|200|6|0|1|2025-08-13T01:16:53.000Z|0|0|0|0
grp-a001-01-000000052822167|200|6|0|1|2025-08-13T01:16:53.000Z|0|0|0|0
grp-a001-01-000000052822210|200|6|0|1|2025-08-13T01:16:53.000Z|0|0|0|0
grp-a001-01-000000053177765|200|6|0|1|2025-08-13T01:16:53.000Z|0|0|0|0
grp-a001-01-000000053266390|200|6|0|1|2025-08-13T01:16:56.000Z|0|0|0|0
grp-a001-01-000000054203750|200|6|0|1|2025-09-01T05:39:49.000Z|0|0|0|0
grp-a001-01-000000054403622|200|6|0|1|2025-09-05T06:33:46.000Z|0|0|0|0
grp-a001-01-000000054666555|200|6|0|1|2025-09-12T02:10:39.000Z|0|0|0|0
grp-a001-01-000000054666566|200|6|0|1|2025-09-12T02:10:41.000Z|0|0|0|0
grp-a001-01-000000055142639|200|6|0|1|2025-09-24T06:40:14.000Z|0|0|0|0
grp-a001-01-000000056068060|200|6|0|1|2025-10-17T00:20:26.000Z|0|0|0|0
grp-a001-01-000000058445222|200|6|0|1|2025-12-03T04:41:15.000Z|0|0|0|0
grp-a001-01-000000059040364|200|6|0|1|2025-12-15T07:07:20.000Z|0|0|0|0
grp-a001-01-000000031116306|200|4|1|1|2022-12-12T08:08:20.000Z|0|0|0|0
grp-a001-01-000000043935093|200|0|1|1|2024-08-02T02:33:51.000Z|0|0|0|0
grp-a001-01-000000046416605|200|2|1|1|2024-11-25T07:33:46.000Z|0|0|0|0
grp-a001-01-000000046416618|200|2|1|1|2024-11-25T07:34:02.000Z|0|0|0|0
grp-a001-01-000000046416626|200|2|1|1|2024-11-25T07:34:35.000Z|0|0|0|0
grp-a001-01-000000046416628|200|2|1|1|2024-11-25T07:34:35.000Z|0|0|0|0
grp-a001-01-000000046416698|200|2|1|1|2024-11-25T07:35:59.000Z|0|0|0|0
grp-a001-01-000000046416699|200|2|1|1|2024-11-25T07:35:59.000Z|0|0|0|0
grp-a001-01-000000046416701|200|2|1|1|2024-11-25T07:35:59.000Z|0|0|0|0
grp-a001-01-000000046416702|200|2|1|1|2024-11-25T07:35:59.000Z|0|0|0|0
grp-a001-01-000000048564412|200|2|1|1|2025-03-12T07:51:26.000Z|0|0|0|0
grp-a001-01-000000049084384|200|2|1|1|2025-04-01T01:53:55.000Z|0|0|0|0
grp-a001-01-000000060480003|200|6|1|1|2026-01-26T08:02:47.000Z|0|0|0|0
grp-a001-01-000000060480311|200|6|1|1|2026-01-26T08:02:47.000Z|0|0|0|0
grp-a001-01-000000060480313|200|6|1|1|2026-01-26T08:02:47.000Z|0|0|0|0
grp-a001-01-000000060480315|200|6|1|1|2026-01-26T08:02:47.000Z|0|0|0|0
grp-a001-01-000000060480386|200|6|1|1|2026-01-26T08:02:46.000Z|0|0|0|0
grp-a001-01-000000060480649|200|6|1|1|2026-01-26T08:02:47.000Z|0|0|0|0
grp-a001-01-000000060480724|200|6|1|1|2026-01-26T08:02:47.000Z|0|0|0|0
grp-a001-01-000000060480725|200|6|1|1|2026-01-26T08:02:46.000Z|0|0|0|0
grp-a001-01-000000060480727|200|6|1|1|2026-01-26T08:02:46.000Z|0|0|0|0
grp-a001-01-000000060480728|200|6|1|1|2026-01-26T08:02:46.000Z|0|0|0|0
grp-a001-01-000000060481114|200|6|1|1|2026-01-26T08:02:46.000Z|0|0|0|0
grp-a001-01-000000060481115|200|6|1|1|2026-01-26T08:02:46.000Z|0|0|0|0
grp-a001-01-000000060481178|200|6|1|1|2026-01-26T08:02:46.000Z|0|0|0|0
grp-a001-01-000000060481180|200|6|1|1|2026-01-26T08:02:46.000Z|0|0|0|0
grp-a001-01-000000060481584|200|6|1|1|2026-01-26T08:02:46.000Z|0|0|0|0
grp-a001-01-000000060481588|200|6|1|1|2026-01-26T08:02:46.000Z|0|0|0|0
grp-a001-01-000000060481589|200|6|1|1|2026-01-26T08:02:46.000Z|0|0|0|0
grp-a001-01-000000060481590|200|6|1|1|2026-01-26T08:02:46.000Z|0|0|0|0
grp-a001-01-000000060481591|200|6|1|1|2026-01-26T08:02:46.000Z|0|0|0|0
grp-a001-01-000000060489568|200|6|1|1|2026-01-26T08:02:46.000Z|0|0|0|0
grp-a001-01-000000060489686|200|6|1|1|2026-01-26T08:02:46.000Z|0|0|0|0
grp-a001-01-000000060489687|200|6|1|1|2026-01-26T08:02:46.000Z|0|0|0|0
grp-a001-01-000000060530499|200|6|1|1|2026-01-26T08:02:47.000Z|0|0|0|0
grp-a001-01-000000060531067|200|6|1|1|2026-01-26T08:02:48.000Z|0|0|0|0
grp-a001-01-000000060531082|200|6|1|1|2026-01-26T08:02:48.000Z|0|0|0|0
grp-a001-01-000000060531708|200|6|1|1|2026-01-26T08:02:48.000Z|0|0|0|0
grp-a001-01-000000060531709|200|6|1|1|2026-01-26T08:02:48.000Z|0|0|0|0
grp-a001-01-000000060531710|200|6|1|1|2026-01-26T08:02:48.000Z|0|0|0|0
grp-a001-01-000000060531711|200|6|1|1|2026-01-26T08:02:48.000Z|0|0|0|0
grp-a001-01-000000060531781|200|6|1|1|2026-01-26T08:02:48.000Z|0|0|0|0
grp-a001-01-000000060548659|200|6|1|1|2026-01-26T08:02:47.000Z|0|0|0|0
grp-a001-01-000000060548667|200|6|1|1|2026-01-26T08:02:47.000Z|0|0|0|0
grp-a001-01-000000060548974|200|6|1|1|2026-01-26T08:02:48.000Z|0|0|0|0
grp-a001-01-000000060554859|200|6|1|1|2026-01-26T08:02:48.000Z|0|0|0|0
grp-a001-01-000000060554861|200|6|1|1|2026-01-26T08:02:48.000Z|0|0|0|0
grp-a001-01-000000060554862|200|6|1|1|2026-01-26T08:02:48.000Z|0|0|0|0
grp-a001-01-000000060554863|200|6|1|1|2026-01-26T08:02:48.000Z|0|0|0|0
grp-a001-01-000000060558824|200|6|1|1|2026-01-26T08:02:47.000Z|0|0|0|0
grp-a001-01-000000060609365|200|6|1|1|2026-01-26T08:02:47.000Z|0|0|0|0
grp-a001-01-000000060610033|200|6|1|1|2026-01-26T08:02:47.000Z|0|0|0|0
grp-a001-01-000000060610036|200|6|1|1|2026-01-26T08:02:47.000Z|0|0|0|0
grp-a001-01-000000060610039|200|6|1|1|2026-01-26T08:02:47.000Z|0|0|0|0
grp-a001-01-000000060610042|200|6|1|1|2026-01-26T08:02:45.000Z|0|0|0|0
grp-a001-01-000000060610047|200|6|1|1|2026-01-26T08:02:45.000Z|0|0|0|0
grp-a001-01-000000060610050|200|6|1|1|2026-01-26T08:02:45.000Z|0|0|0|0
grp-a001-01-000000060612108|200|6|1|1|2026-01-26T08:02:45.000Z|0|0|0|0
grp-a001-01-000000060612109|200|6|1|1|2026-01-26T08:02:45.000Z|0|0|0|0
grp-a001-01-000000060612110|200|6|1|1|2026-01-26T08:02:45.000Z|0|0|0|0
grp-a001-01-000000060612113|200|6|1|1|2026-01-26T08:02:45.000Z|0|0|0|0
grp-a001-01-000000060612114|200|6|1|1|2026-01-26T08:02:45.000Z|0|0|0|0
grp-a001-01-000000060612115|200|6|1|1|2026-01-26T08:02:47.000Z|0|0|0|0
grp-a001-01-000000060612840|200|6|1|1|2026-01-26T08:02:47.000Z|0|0|0|0
grp-a001-01-000000060612841|200|6|1|1|2026-01-26T08:02:45.000Z|0|0|0|0
grp-a001-01-000000060612842|200|6|1|1|2026-01-26T08:02:47.000Z|0|0|0|0
grp-a001-01-000000060612843|200|6|1|1|2026-01-26T08:02:47.000Z|0|0|0|0
grp-a001-01-000000060612844|200|6|1|1|2026-01-26T08:02:45.000Z|0|0|0|0
grp-a001-01-000000060612964|200|6|1|1|2026-01-26T08:02:47.000Z|0|0|0|0
grp-a001-01-000000060613245|200|6|1|1|2026-01-26T08:02:45.000Z|0|0|0|0
grp-a001-01-000000060613246|200|6|1|1|2026-01-26T08:02:45.000Z|0|0|0|0
grp-a001-01-000000060613247|200|6|1|1|2026-01-26T08:02:45.000Z|0|0|0|0
grp-a001-01-000000060613249|200|6|1|1|2026-01-26T08:02:45.000Z|0|0|0|0
grp-a001-01-000000060613254|200|6|1|1|2026-01-26T08:02:45.000Z|0|0|0|0
grp-a001-01-000000060613256|200|6|1|1|2026-01-26T08:02:45.000Z|0|0|0|0
grp-a001-01-000000060617379|200|6|1|1|2026-01-26T08:02:45.000Z|0|0|0|0
grp-a001-01-000000060617381|200|6|1|1|2026-01-26T08:02:47.000Z|0|0|0|0
grp-a001-01-000000060763483|200|6|1|1|2026-01-26T08:02:46.000Z|0|0|0|0
grp-a001-01-000000060763689|200|6|1|1|2026-01-26T08:02:46.000Z|0|0|0|0
grp-a001-01-000000060763694|200|6|1|1|2026-01-26T08:02:46.000Z|0|0|0|0
grp-a001-01-000000060763698|200|6|1|1|2026-01-26T08:02:46.000Z|0|0|0|0
grp-a001-01-000000060763718|200|6|1|1|2026-01-26T08:02:46.000Z|0|0|0|0
grp-a001-01-000000060763726|200|6|1|1|2026-01-26T08:02:47.000Z|0|0|0|0
grp-a001-01-000000060763874|200|6|1|1|2026-01-26T08:02:47.000Z|0|0|0|0
grp-a001-01-000000060763875|200|6|1|1|2026-01-26T08:02:47.000Z|0|0|0|0
grp-a001-01-000000060763876|200|6|1|1|2026-01-26T08:02:47.000Z|0|0|0|0
grp-a001-01-000000060763877|200|6|1|1|2026-01-26T08:02:46.000Z|0|0|0|0
grp-a001-01-000000060765090|200|6|1|1|2026-01-26T08:02:46.000Z|0|0|0|0
grp-a001-01-000000060765091|200|6|1|1|2026-01-26T08:02:46.000Z|0|0|0|0
grp-a001-01-000000060765092|200|6|1|1|2026-01-26T08:02:46.000Z|0|0|0|0
grp-a001-01-000000060765094|200|6|1|1|2026-01-26T08:02:46.000Z|0|0|0|0
grp-a001-01-000000060784942|200|6|1|1|2026-01-26T08:02:46.000Z|0|0|0|0
grp-a001-01-000000060784943|200|6|1|1|2026-01-26T08:02:46.000Z|0|0|0|0
grp-a001-01-000000060784944|200|6|1|1|2026-01-26T08:02:46.000Z|0|0|0|0
grp-a001-01-000000060792702|200|6|1|1|2026-01-26T08:02:46.000Z|0|0|0|0
grp-a001-01-000000060792703|200|6|1|1|2026-01-26T08:02:47.000Z|0|0|0|0
grp-a001-01-000000060792982|200|6|1|1|2026-01-26T08:02:47.000Z|0|0|0|0
grp-a001-01-000000060792983|200|6|1|1|2026-01-26T08:02:47.000Z|0|0|0|0
grp-a001-01-000000060792984|200|6|1|1|2026-01-26T08:02:47.000Z|0|0|0|0
grp-a001-01-000000060809909|200|6|1|1|2026-01-26T08:02:47.000Z|0|0|0|0
grp-a001-01-000000061108461|200|6|1|1|2026-01-27T02:45:54.000Z|0|0|0|0
grp-a001-01-000000062965454|200|6|1|1|2026-02-24T04:17:00.000Z|0|0|0|0
grp-a001-01-000000062965457|200|6|1|1|2026-02-24T04:17:02.000Z|0|0|0|0
grp-a001-01-000000062965459|200|6|1|1|2026-02-24T04:17:03.000Z|0|0|0|0
grp-a001-01-000000060603885|200|7|1|1|2026-01-15T06:08:33.000Z|0|0|0|0
grp-a001-01-000000060603888|200|7|1|1|2026-01-15T06:08:33.000Z|0|0|0|0
grp-a001-01-000000060603890|200|7|1|1|2026-01-15T06:08:34.000Z|0|0|0|0
grp-a001-01-000000060603891|200|7|1|1|2026-01-15T06:08:34.000Z|0|0|0|0
grp-a001-01-000000060604009|200|7|1|1|2026-01-26T08:04:27.000Z|0|0|0|0
grp-a001-01-000000060604010|200|7|1|1|2026-01-26T08:04:27.000Z|0|0|0|0
grp-a001-01-000000060604011|200|7|1|1|2026-01-26T08:04:27.000Z|0|0|0|0
grp-a001-01-000000060604013|200|7|1|1|2026-01-26T08:04:27.000Z|0|0|0|0
grp-a001-01-000000060604014|200|7|1|1|2026-01-26T08:04:27.000Z|0|0|0|0
grp-a001-01-000000060604015|200|7|1|1|2026-01-26T08:04:27.000Z|0|0|0|0
grp-a001-01-000000060604017|200|7|1|1|2026-01-26T08:04:27.000Z|0|0|0|0
grp-a001-01-000000060604019|200|7|1|1|2026-01-26T08:04:27.000Z|0|0|0|0
grp-a001-01-000000060604020|200|7|1|1|2026-01-15T06:09:26.000Z|0|0|0|0
grp-a001-01-000000060604022|200|7|1|1|2026-01-15T06:09:27.000Z|0|0|0|0
grp-a001-01-000000060604025|200|7|1|1|2026-01-15T06:09:28.000Z|0|0|0|0
grp-a001-01-000000060604027|200|7|1|1|2026-01-15T06:09:29.000Z|0|0|0|0
grp-a001-01-000000060604029|200|7|1|1|2026-01-15T06:09:30.000Z|0|0|0|0
grp-a001-01-000000060604032|200|7|1|1|2026-01-15T06:09:31.000Z|0|0|0|0
grp-a001-01-000000060604034|200|7|1|1|2026-01-15T06:09:32.000Z|0|0|0|0
grp-a001-01-000000060604037|200|7|1|1|2026-01-15T06:09:33.000Z|0|0|0|0
grp-a001-01-000000060604039|200|7|1|1|2026-01-15T06:09:34.000Z|0|0|0|0
grp-a001-01-000000060604040|200|7|1|1|2026-01-15T06:09:35.000Z|0|0|0|0
grp-a001-01-000000060604043|200|7|1|1|2026-01-15T06:09:36.000Z|0|0|0|0
grp-a001-01-000000060604044|200|7|1|1|2026-01-15T06:09:37.000Z|0|0|0|0
grp-a001-01-000000060764711|200|7|1|1|2026-01-20T02:40:07.000Z|0|0|0|0
grp-a001-01-000000060764713|200|7|1|1|2026-01-20T02:40:08.000Z|0|0|0|0
grp-a001-01-000000060764895|200|7|1|1|2026-01-20T02:41:57.000Z|0|0|0|0
grp-a001-01-000000060792987|200|7|1|1|2026-01-20T07:28:07.000Z|0|0|0|0
grp-a001-01-000000060792988|200|7|1|1|2026-01-20T07:28:07.000Z|0|0|0|0
grp-a001-01-000000060792989|200|7|1|1|2026-01-20T07:28:07.000Z|0|0|0|0
grp-a001-01-000000060792990|200|7|1|1|2026-01-20T07:28:07.000Z|0|0|0|0
grp-a001-01-000000060792991|200|7|1|1|2026-01-20T07:28:07.000Z|0|0|0|0
grp-a001-01-000000060792992|200|7|1|1|2026-01-20T07:28:07.000Z|0|0|0|0
grp-a001-01-000000060792993|200|7|1|1|2026-01-20T07:28:08.000Z|0|0|0|0
grp-a001-01-000000060792994|200|7|1|1|2026-01-20T07:28:08.000Z|0|0|0|0
grp-a001-01-000000060796462|200|7|1|1|2026-01-20T08:33:23.000Z|0|0|0|0
grp-a001-01-000000060796463|200|7|1|1|2026-01-20T08:33:23.000Z|0|0|0|0
grp-a001-01-000000060796465|200|7|1|1|2026-01-20T08:33:23.000Z|0|0|0|0
grp-a001-01-000000060796466|200|7|1|1|2026-01-20T08:33:23.000Z|0|0|0|0
grp-a001-01-000000060796467|200|7|1|1|2026-01-20T08:33:23.000Z|0|0|0|0
grp-a001-01-000000060796549|200|7|1|1|2026-01-20T08:34:38.000Z|0|0|0|0
grp-a001-01-000000060796550|200|7|1|1|2026-01-20T08:34:39.000Z|0|0|0|0
grp-a001-01-000000060796551|200|7|1|1|2026-01-20T08:34:39.000Z|0|0|0|0
grp-a001-01-000000060796552|200|7|1|1|2026-01-20T08:34:39.000Z|0|0|0|0
grp-a001-01-000000060796704|200|7|1|1|2026-01-20T08:36:03.000Z|0|0|0|0
grp-a001-01-000000060796707|200|7|1|1|2026-01-20T08:36:03.000Z|0|0|0|0
grp-a001-01-000000060868357|200|7|1|1|2026-01-22T04:50:30.000Z|0|0|0|0
grp-a001-01-000000060868358|200|7|1|1|2026-01-22T04:50:30.000Z|0|0|0|0
grp-a001-01-000000060823525|200|6|1|0|2026-07-14T02:19:56.000Z|0|0|0|0
grp-a001-01-000000060823768|200|6|1|1|2026-01-26T08:04:01.000Z|0|0|0|0
grp-a001-01-000000060823769|200|6|1|1|2026-01-26T08:04:01.000Z|0|0|0|0
grp-a001-01-000000060823810|200|6|1|1|2026-01-26T08:04:01.000Z|0|0|0|0
grp-a001-01-000000060823923|200|6|1|1|2026-01-26T08:04:01.000Z|0|0|0|0
grp-a001-01-000000060823924|200|6|1|1|2026-01-26T08:04:01.000Z|0|0|0|0
grp-a001-01-000000060823925|200|6|1|1|2026-01-26T08:04:01.000Z|0|0|0|0
grp-a001-01-000000060823926|200|6|1|1|2026-01-26T08:04:01.000Z|0|0|0|0
grp-a001-01-000000060824081|200|6|1|1|2026-01-26T08:04:01.000Z|0|0|0|0
grp-a001-01-000000060824082|200|6|1|1|2026-01-26T08:04:01.000Z|0|0|0|0
grp-a001-01-000000060824084|200|6|1|1|2026-01-26T08:04:01.000Z|0|0|0|0
grp-a001-01-000000060824085|200|6|1|1|2026-01-26T08:04:02.000Z|0|0|0|0
grp-a001-01-000000060824088|200|6|1|1|2026-01-26T08:04:01.000Z|0|0|0|0
grp-a001-01-000000060824108|200|6|1|1|2026-01-26T08:04:01.000Z|0|0|0|0
grp-a001-01-000000060824109|200|6|1|1|2026-01-26T08:04:01.000Z|0|0|0|0
grp-a001-01-000000060824110|200|6|1|1|2026-01-26T08:04:01.000Z|0|0|0|0
grp-a001-01-000000060824112|200|6|1|1|2026-01-26T08:04:01.000Z|0|0|0|0
grp-a001-01-000000060824113|200|6|1|1|2026-01-26T08:04:01.000Z|0|0|0|0
grp-a001-01-000000060824785|200|6|1|1|2026-01-26T08:04:02.000Z|0|0|0|0
grp-a001-01-000000060824786|200|6|1|1|2026-01-26T08:04:02.000Z|0|0|0|0
grp-a001-01-000000060858091|200|6|1|1|2026-01-26T08:04:02.000Z|0|0|0|0
grp-a001-01-000000060858092|200|6|1|1|2026-01-26T08:04:01.000Z|0|0|0|0
grp-a001-01-000000060865149|200|6|1|1|2026-01-26T08:04:01.000Z|0|0|0|0
grp-a001-01-000000060866006|200|6|1|1|2026-01-26T08:04:01.000Z|0|0|0|0
grp-a001-01-000000060868899|200|6|1|1|2026-01-26T08:04:01.000Z|0|0|0|0
grp-a001-01-000000067675781|200|6|1|1|2026-05-26T02:26:53.000Z|0|0|0|0
grp-a001-01-000000060824882|200|6|1|1|2026-01-21T04:33:46.000Z|0|0|0|0
grp-a001-01-000000060824932|200|6|1|1|2026-01-21T04:34:21.000Z|0|0|0|0
grp-a001-01-000000060824935|200|6|1|1|2026-01-21T04:34:22.000Z|0|0|0|0
grp-a001-01-000000060824936|200|6|1|1|2026-01-21T04:34:23.000Z|0|0|0|0
grp-a001-01-000000060825654|200|6|1|1|2026-01-21T04:41:47.000Z|0|0|0|0
grp-a001-01-000000060825655|200|6|1|1|2026-01-21T04:41:47.000Z|0|0|0|0
grp-a001-01-000000060825656|200|6|1|1|2026-01-21T04:41:47.000Z|0|0|0|0
grp-a001-01-000000060825657|200|6|1|1|2026-01-21T04:41:47.000Z|0|0|0|0
grp-a001-01-000000060825704|200|6|1|1|2026-01-21T04:42:25.000Z|0|0|0|0
grp-a001-01-000000060825705|200|6|1|1|2026-01-21T04:42:25.000Z|0|0|0|0
grp-a001-01-000000060825706|200|6|1|1|2026-01-21T04:42:25.000Z|0|0|0|0
grp-a001-01-000000060825707|200|6|1|1|2026-01-21T04:42:25.000Z|0|0|0|0
grp-a001-01-000000060825794|200|6|1|1|2026-01-21T04:43:27.000Z|0|0|0|0
grp-a001-01-000000060825796|200|6|1|1|2026-01-21T04:43:27.000Z|0|0|0|0
grp-a001-01-000000060825797|200|6|1|1|2026-01-21T04:43:27.000Z|0|0|0|0
grp-a001-01-000000060825798|200|6|1|1|2026-01-21T04:43:28.000Z|0|0|0|0
grp-a001-01-000000060825799|200|6|1|1|2026-01-21T04:43:28.000Z|0|0|0|0
grp-a001-01-000000060825800|200|6|1|1|2026-01-21T04:43:28.000Z|0|0|0|0
grp-a001-01-000000060825801|200|6|1|1|2026-01-21T04:43:28.000Z|0|0|0|0
grp-a001-01-000000060825802|200|6|1|1|2026-01-21T04:43:28.000Z|0|0|0|0
grp-a001-01-000000060826103|200|6|1|1|2026-01-21T04:47:06.000Z|0|0|0|0
grp-a001-01-000000060826106|200|6|1|1|2026-01-21T04:47:06.000Z|0|0|0|0
grp-a001-01-000000060826107|200|6|1|1|2026-01-21T04:47:06.000Z|0|0|0|0
grp-a001-01-000000060826108|200|6|1|1|2026-01-21T04:47:06.000Z|0|0|0|0
grp-a001-01-000000060826110|200|6|1|1|2026-01-21T04:47:07.000Z|0|0|0|0
grp-a001-01-000000060829319|200|6|1|1|2026-01-21T05:23:09.000Z|0|0|0|0
grp-a001-01-000000060843107|200|6|1|1|2026-01-21T07:55:16.000Z|0|0|0|0
grp-a001-01-000000060843258|200|6|1|1|2026-01-21T07:58:04.000Z|0|0|0|0
grp-a001-01-000000060843261|200|6|1|1|2026-01-21T07:58:14.000Z|0|0|0|0
grp-a001-01-000000060843263|200|6|1|1|2026-01-21T07:58:21.000Z|0|0|0|0
grp-a001-01-000000060843265|200|6|1|1|2026-01-21T07:58:25.000Z|0|0|0|0
grp-a001-01-000000060843278|200|6|1|1|2026-01-21T07:58:45.000Z|0|0|0|0
grp-a001-01-000000060843279|200|6|1|1|2026-01-21T07:58:50.000Z|0|0|0|0
grp-a001-01-000000060843280|200|6|1|1|2026-01-21T07:58:50.000Z|0|0|0|0
grp-a001-01-000000060843281|200|6|1|1|2026-01-21T07:58:51.000Z|0|0|0|0
grp-a001-01-000000060843310|200|6|1|1|2026-01-21T07:59:39.000Z|0|0|0|0
grp-a001-01-000000060843311|200|6|1|1|2026-01-21T07:59:39.000Z|0|0|0|0
grp-a001-01-000000060843312|200|6|1|1|2026-01-21T07:59:39.000Z|0|0|0|0
grp-a001-01-000000060843313|200|6|1|1|2026-01-21T07:59:40.000Z|0|0|0|0
grp-a001-01-000000060843314|200|6|1|1|2026-01-21T07:59:40.000Z|0|0|0|0
grp-a001-01-000000060843406|200|6|1|1|2026-01-21T08:03:16.000Z|0|0|0|0
grp-a001-01-000000060843407|200|6|1|1|2026-01-21T08:03:16.000Z|0|0|0|0
grp-a001-01-000000060843408|200|6|1|1|2026-01-21T08:03:16.000Z|0|0|0|0
grp-a001-01-000000060843409|200|6|1|1|2026-01-21T08:03:16.000Z|0|0|0|0
grp-a001-01-000000060843410|200|6|1|1|2026-01-21T08:03:16.000Z|0|0|0|0
grp-a001-01-000000060841229|200|6|1|1|2026-01-21T07:26:46.000Z|0|0|0|0
grp-a001-01-000000060841400|200|6|1|1|2026-01-21T07:29:30.000Z|0|0|0|0
grp-a001-01-000000060841560|200|6|1|1|2026-01-21T07:32:16.000Z|0|0|0|0
grp-a001-01-000000060841575|200|6|1|1|2026-01-21T07:32:25.000Z|0|0|0|0
grp-a001-01-000000060841577|200|6|1|1|2026-01-21T07:32:25.000Z|0|0|0|0
grp-a001-01-000000060841579|200|6|1|1|2026-01-21T07:32:26.000Z|0|0|0|0
grp-a001-01-000000060841580|200|6|1|1|2026-01-21T07:32:26.000Z|0|0|0|0
grp-a001-01-000000060841581|200|6|1|1|2026-01-21T07:32:26.000Z|0|0|0|0
grp-a001-01-000000060841582|200|6|1|1|2026-01-21T07:32:26.000Z|0|0|0|0
grp-a001-01-000000060841583|200|6|1|1|2026-01-21T07:32:26.000Z|0|0|0|0
grp-a001-01-000000060841584|200|6|1|1|2026-01-21T07:32:26.000Z|0|0|0|0
grp-a001-01-000000060842559|200|6|1|1|2026-01-21T07:41:07.000Z|0|0|0|0
grp-a001-01-000000060842560|200|6|1|1|2026-01-21T07:41:07.000Z|0|0|0|0
grp-a001-01-000000060842564|200|6|1|1|2026-01-21T07:41:13.000Z|0|0|0|0
grp-a001-01-000000060842565|200|6|1|1|2026-01-21T07:41:13.000Z|0|0|0|0
grp-a001-01-000000060842566|200|6|1|1|2026-01-21T07:41:13.000Z|0|0|0|0
grp-a001-01-000000060842733|200|6|1|1|2026-01-21T07:44:24.000Z|0|0|0|0
grp-a001-01-000000060842734|200|6|1|1|2026-01-21T07:44:25.000Z|0|0|0|0
grp-a001-01-000000060842824|200|6|1|1|2026-01-21T07:48:09.000Z|0|0|0|0
grp-a001-01-000000061871554|200|6|1|1|2026-02-09T06:54:58.000Z|0|0|0|0
grp-a001-01-000000061883424|200|6|1|1|2026-02-09T09:03:18.000Z|0|0|0|0
grp-a001-01-000000061883426|200|6|1|1|2026-02-09T09:03:18.000Z|0|0|0|0
grp-a001-01-000000061883430|200|6|1|1|2026-02-09T09:03:20.000Z|0|0|0|0
grp-a001-01-000000061883437|200|6|1|1|2026-02-09T09:03:29.000Z|0|0|0|0
grp-a001-01-000000061883438|200|6|1|1|2026-02-09T09:03:29.000Z|0|0|0|0
grp-a001-01-000000061883745|200|6|1|1|2026-02-09T09:16:21.000Z|0|0|0|0
grp-a001-01-000000061883746|200|6|1|1|2026-02-09T09:16:21.000Z|0|0|0|0
grp-a001-01-000000061883792|200|6|1|1|2026-02-09T09:19:22.000Z|0|0|0|0
grp-a001-01-000000061883884|200|6|1|1|2026-02-09T09:24:14.000Z|0|0|0|0
grp-a001-01-000000061883885|200|6|1|1|2026-02-09T09:24:14.000Z|0|0|0|0
grp-a001-01-000000061883886|200|6|1|1|2026-02-09T09:24:14.000Z|0|0|0|0
grp-a001-01-000000061883887|200|6|1|1|2026-02-09T09:24:15.000Z|0|0|0|0
grp-a001-01-000000061883888|200|6|1|1|2026-02-09T09:24:15.000Z|0|0|0|0
grp-a001-01-000000061883889|200|6|1|1|2026-02-09T09:24:15.000Z|0|0|0|0
grp-a001-01-000000061883890|200|6|1|1|2026-02-09T09:24:15.000Z|0|0|0|0
grp-a001-01-000000061883891|200|6|1|1|2026-02-09T09:24:15.000Z|0|0|0|0
grp-a001-01-000000061883892|200|6|1|1|2026-02-09T09:24:15.000Z|0|0|0|0
grp-a001-01-000000061883893|200|6|1|1|2026-02-09T09:24:15.000Z|0|0|0|0
grp-a001-01-000000061883895|200|6|1|1|2026-02-09T09:24:15.000Z|0|0|0|0
grp-a001-01-000000061883896|200|6|1|1|2026-02-09T09:24:16.000Z|0|0|0|0
grp-a001-01-000000061883897|200|6|1|1|2026-02-09T09:24:16.000Z|0|0|0|0
grp-a001-01-000000061883898|200|6|1|1|2026-02-09T09:24:16.000Z|0|0|0|0
grp-a001-01-000000061883899|200|6|1|1|2026-02-09T09:24:16.000Z|0|0|0|0
grp-a001-01-000000061883900|200|6|1|1|2026-02-09T09:24:16.000Z|0|0|0|0
grp-a001-01-000000061883901|200|6|1|1|2026-02-09T09:24:16.000Z|0|0|0|0
grp-a001-01-000000061883902|200|6|1|1|2026-02-09T09:24:16.000Z|0|0|0|0
grp-a001-01-000000061883903|200|6|1|1|2026-02-09T09:24:16.000Z|0|0|0|0
grp-a001-01-000000061883904|200|6|1|1|2026-02-09T09:24:17.000Z|0|0|0|0
grp-a001-01-000000061924085|200|6|1|1|2026-02-10T05:20:36.000Z|0|0|0|0
grp-a001-01-000000061924086|200|6|1|1|2026-02-10T05:20:36.000Z|0|0|0|0
grp-a001-01-000000061924087|200|6|1|1|2026-02-10T05:20:36.000Z|0|0|0|0
grp-a001-01-000000061924088|200|6|1|1|2026-02-10T05:20:36.000Z|0|0|0|0
grp-a001-01-000000061924089|200|6|1|1|2026-02-10T05:20:37.000Z|0|0|0|0
grp-a001-01-000000061924090|200|6|1|1|2026-02-10T05:20:37.000Z|0|0|0|0
grp-a001-01-000000061924091|200|6|1|1|2026-02-10T05:20:37.000Z|0|0|0|0
grp-a001-01-000000061924092|200|6|1|1|2026-02-10T05:20:37.000Z|0|0|0|0
grp-a001-01-000000061924093|200|6|1|1|2026-02-10T05:20:37.000Z|0|0|0|0
grp-a001-01-000000061924094|200|6|1|1|2026-02-10T05:20:37.000Z|0|0|0|0
grp-a001-01-000000061924107|200|6|1|1|2026-02-10T05:20:47.000Z|0|0|0|0
grp-a001-01-000000061924108|200|6|1|1|2026-02-10T05:20:47.000Z|0|0|0|0
grp-a001-01-000000061924109|200|6|1|1|2026-02-10T05:20:47.000Z|0|0|0|0
grp-a001-01-000000061924110|200|6|1|1|2026-02-10T05:20:47.000Z|0|0|0|0
grp-a001-01-000000061924111|200|6|1|1|2026-02-10T05:20:48.000Z|0|0|0|0
grp-a001-01-000000061924112|200|6|1|1|2026-02-10T05:20:48.000Z|0|0|0|0
grp-a001-01-000000061924113|200|6|1|1|2026-02-10T05:20:48.000Z|0|0|0|0
grp-a001-01-000000061924114|200|6|1|1|2026-02-10T05:20:48.000Z|0|0|0|0
grp-a001-01-000000061924115|200|6|1|1|2026-02-10T05:20:48.000Z|0|0|0|0
grp-a001-01-000000061924116|200|6|1|1|2026-02-10T05:20:48.000Z|0|0|0|0
grp-a001-01-000000061924149|200|6|1|1|2026-02-10T05:21:15.000Z|0|0|0|0
grp-a001-01-000000061924150|200|6|1|1|2026-02-10T05:21:15.000Z|0|0|0|0
grp-a001-01-000000061924151|200|6|1|1|2026-02-10T05:21:16.000Z|0|0|0|0
grp-a001-01-000000061924152|200|6|1|1|2026-02-10T05:21:16.000Z|0|0|0|0
grp-a001-01-000000061924153|200|6|1|1|2026-02-10T05:21:16.000Z|0|0|0|0
grp-a001-01-000000061924154|200|6|1|1|2026-02-10T05:21:16.000Z|0|0|0|0
grp-a001-01-000000061924155|200|6|1|1|2026-02-10T05:21:16.000Z|0|0|0|0
grp-a001-01-000000061924156|200|6|1|1|2026-02-10T05:21:16.000Z|0|0|0|0
grp-a001-01-000000061924157|200|6|1|1|2026-02-10T05:21:17.000Z|0|0|0|0
grp-a001-01-000000061924158|200|6|1|1|2026-02-10T05:21:17.000Z|0|0|0|0
grp-a001-01-000000061924189|200|6|1|1|2026-02-10T05:21:41.000Z|0|0|0|0
grp-a001-01-000000061924190|200|6|1|1|2026-02-10T05:21:41.000Z|0|0|0|0
grp-a001-01-000000061924191|200|6|1|1|2026-02-10T05:21:41.000Z|0|0|0|0
grp-a001-01-000000061924192|200|6|1|1|2026-02-10T05:21:41.000Z|0|0|0|0
grp-a001-01-000000061924193|200|6|1|1|2026-02-10T05:21:41.000Z|0|0|0|0
grp-a001-01-000000061924194|200|6|1|1|2026-02-10T05:21:41.000Z|0|0|0|0
grp-a001-01-000000061924195|200|6|1|1|2026-02-10T05:21:42.000Z|0|0|0|0
grp-a001-01-000000064488011|200|8|1|1|2026-03-25T05:42:50.000Z|0|0|0|0
grp-a001-02-000000029854835|200|35|1|1|2024-07-16T07:34:57.000Z|0|0|0|0
grp-a001-02-000000029854880|200|37|1|1|2024-07-16T07:35:39.000Z|0|0|0|0
grp-a001-02-000000030380197|200|33|1|1|2024-07-16T07:34:53.000Z|0|0|0|0
grp-a001-02-000000031188878|200|46|1|1|2024-07-16T07:34:23.000Z|0|0|0|0
grp-a001-02-000000031225481|200|2|0|1|2022-12-16T01:03:56.000Z|0|0|0|0
grp-a001-02-000000032245807|200|29|1|1|2024-07-16T07:35:45.000Z|0|0|0|0
grp-a001-02-000000034009479|200|34|1|1|2024-07-16T07:34:30.000Z|0|0|0|0
grp-a001-02-000000040005163|200|2|1|1|2024-07-16T07:37:09.000Z|0|0|0|0
grp-a001-02-000000040005208|200|5|1|1|2024-07-16T07:36:39.000Z|0|0|0|0
grp-a001-02-000000040005477|200|35|1|1|2024-07-16T07:35:33.000Z|0|0|0|0
grp-a001-02-000000040006806|200|0|1|1|2024-07-16T07:35:49.000Z|0|0|0|0
grp-a001-02-000000041353323|200|0|1|1|2024-07-16T07:35:29.000Z|0|0|0|0
grp-a001-02-000000041354038|200|0|1|1|2024-07-16T07:35:24.000Z|0|0|0|0
grp-a001-02-000000041354296|200|0|1|1|2024-07-16T07:35:57.000Z|0|0|0|0
grp-a001-02-000000041355965|200|0|1|1|2024-07-16T07:35:53.000Z|0|0|0|0
grp-a001-02-000000041356324|200|2|1|1|2024-07-16T07:36:19.000Z|0|0|0|0
grp-a001-02-000000041356891|200|0|1|1|2024-07-16T07:36:13.000Z|0|0|0|0
grp-a001-02-000000041369187|200|2|1|1|2024-07-16T07:34:47.000Z|0|0|0|0
grp-a001-02-000000041369413|200|2|1|1|2024-07-16T07:34:41.000Z|0|0|0|0
grp-a001-02-000000041382797|200|0|1|1|2024-07-16T07:36:08.000Z|0|0|0|0
grp-a001-02-000000041383014|200|0|1|1|2024-07-16T07:36:30.000Z|0|0|0|0
grp-a001-02-000000041405533|200|0|1|1|2024-07-16T07:37:01.000Z|0|0|0|0
grp-a001-02-000000041405606|200|0|1|1|2024-07-16T07:36:56.000Z|0|0|0|0
grp-a001-02-000000041406227|200|0|1|1|2024-07-16T07:36:35.000Z|0|0|0|0
grp-a001-02-000000042972783|200|2|1|1|2024-07-16T07:36:04.000Z|0|0|0|0
grp-a001-02-000000043610882|200|0|1|1|2026-07-29T08:39:49.000Z|0|0|0|0
grp-a001-02-000000043610925|200|0|1|1|2026-07-29T08:39:49.000Z|0|0|0|0
grp-a001-02-000000043610930|200|0|1|1|2026-07-29T08:39:49.000Z|0|0|0|0
grp-a001-02-000000043615764|200|0|1|1|2026-07-29T08:39:49.000Z|0|0|0|0
grp-a001-02-000000052350984|200|0|1|1|2026-07-29T08:39:49.000Z|0|0|0|0
grp-a001-02-000000054212607|200|0|1|1|2026-07-29T08:39:49.000Z|0|0|0|0
grp-a001-02-000000061878144|200|0|1|1|2026-07-29T08:39:49.000Z|0|0|0|0
grp-a001-02-000000055116659|200|4|1|1|2025-09-24T01:36:06.000Z|15507|128|27923|154
grp-a001-02-000000055116668|200|4|1|1|2025-09-24T01:36:06.000Z|13453|91|32894|155
grp-a001-02-000000055116672|200|4|1|1|2025-09-24T01:36:06.000Z|18887|67|17443|155
grp-a001-02-000000055116677|200|4|1|1|2025-09-24T01:36:06.000Z|17246|170|27738|155
grp-a001-02-000000055116682|200|4|1|1|2025-09-24T01:36:06.000Z|19682|170|32779|155
grp-a001-02-000000055116686|200|4|1|1|2025-09-24T01:36:06.000Z|11897|87|19756|155
grp-a001-02-000000044103604|200|5|1|1|2025-12-30T04:55:45.000Z|734|17|26050|5
grp-a001-02-000000044108257|200|5|1|1|2025-12-30T04:55:44.000Z|14820|186|286411|147
grp-a001-02-000000044108615|200|5|1|1|2025-12-30T04:55:44.000Z|4633|74|104212|152
grp-a001-02-000000044108616|200|5|1|1|2025-12-30T04:55:44.000Z|25441|334|588987|154
grp-a001-02-000000044490481|200|5|1|1|2025-12-30T04:55:44.000Z|66771|839|1415267|154
grp-a001-02-000000044490484|200|5|1|1|2025-12-30T04:55:44.000Z|2676|20|14736|153
grp-a001-02-000000044565865|200|5|1|1|2025-12-30T04:55:45.000Z|596|18|25562|2
grp-a001-02-000000044628749|200|5|1|1|2025-12-30T04:55:45.000Z|28205|147|211858|142
grp-a001-02-000000044629990|200|5|1|1|2025-12-30T04:55:44.000Z|4839|60|96066|24
grp-a001-02-000000044629993|200|5|1|1|2025-12-30T04:55:45.000Z|3657|45|57413|24
grp-a001-02-000000045023176|200|5|1|1|2025-12-30T04:55:45.000Z|18157|190|314486|154
grp-a001-02-000000045023177|200|5|1|1|2025-12-30T04:55:45.000Z|25322|230|374221|154
grp-a001-02-000000045023993|200|5|1|1|2025-12-30T04:55:45.000Z|21524|238|407640|154
grp-a001-02-000000045025481|200|5|1|1|2025-12-30T04:55:45.000Z|29069|266|468836|154
grp-a001-02-000000045025482|200|5|1|1|2025-12-30T04:55:45.000Z|11709|104|140500|153
grp-a001-02-000000045025483|200|5|1|1|2025-12-30T04:55:45.000Z|32449|372|683650|154
grp-a001-02-000000045448738|200|5|1|1|2025-12-30T04:55:45.000Z|39|2|2387|8
grp-a001-02-000000045448744|200|5|1|1|2025-12-30T04:55:45.000Z|727|9|10049|119
grp-a001-02-000000045687119|200|5|1|1|2025-12-30T04:55:45.000Z|6146|86|100321|153
grp-a001-02-000000046222149|200|5|1|1|2025-12-30T04:55:45.000Z|3112|58|34550|92
grp-a001-02-000000046222157|200|5|1|1|2025-12-30T04:55:45.000Z|7260|145|93705|142
grp-a001-02-000000047485224|200|5|1|1|2025-12-30T04:55:44.000Z|30526|733|1062498|154
grp-a001-02-000000047485408|200|5|1|1|2025-12-30T04:55:45.000Z|853|10|7999|24
grp-a001-02-000000054530371|200|5|1|1|2025-12-30T04:55:44.000Z|34613|357|641772|144
grp-a001-02-000000054536931|200|5|1|1|2025-12-30T04:55:44.000Z|11687|213|298535|154
grp-a001-02-000000054537415|200|5|1|1|2025-12-30T04:55:45.000Z|11429|131|195558|148
grp-a001-02-000000054537529|200|5|1|1|2025-12-30T04:55:44.000Z|77353|1549|2756256|150
grp-a001-02-000000054537533|200|5|1|1|2025-12-30T04:55:45.000Z|34812|377|655214|151
grp-a001-02-000000054537767|200|5|1|1|2025-12-30T04:55:45.000Z|41999|562|932858|154
grp-a001-02-000000054538147|200|5|1|1|2025-12-30T04:55:44.000Z|25726|406|671911|154
grp-a001-02-000000055045417|200|5|1|1|2025-12-30T04:55:45.000Z|9534|140|208069|148
grp-a001-02-000000056537604|200|5|1|1|2025-12-30T04:55:45.000Z|20100|220|373021|154
grp-a001-02-000000058445051|200|5|1|1|2025-12-30T04:55:44.000Z|107|3|1990|9
grp-a001-02-000000058709513|200|5|1|1|2025-12-30T04:55:45.000Z|18843|91|162329|154
grp-a001-02-000000058709674|200|5|1|1|2025-12-30T04:55:45.000Z|16519|89|171100|154
grp-a001-02-000000059252905|200|5|1|1|2025-12-30T04:55:45.000Z|15805|108|172849|142
grp-a001-02-000000059820848|200|5|1|1|2025-12-30T04:55:45.000Z|10072|92|138716|153
grp-a001-02-000000059820884|200|5|1|1|2025-12-30T04:55:45.000Z|7697|63|111821|136
grp-a001-02-000000059820913|200|5|1|1|2025-12-30T04:55:45.000Z|19040|213|357049|154
grp-a001-02-000000059820931|200|5|1|1|2025-12-30T04:55:45.000Z|13944|71|104022|154
grp-a001-02-000000059820953|200|5|1|1|2025-12-30T04:55:45.000Z|13328|144|202590|154
grp-a001-02-000000059820960|200|5|1|1|2025-12-30T04:55:46.000Z|4175|15|21817|138
grp-a001-02-000000059820987|200|5|1|1|2025-12-30T04:55:46.000Z|19113|121|245299|135
grp-a001-02-000000059820998|200|5|1|1|2025-12-30T04:55:46.000Z|12716|87|98632|154
grp-a001-02-000000059821015|200|5|1|1|2025-12-30T04:55:46.000Z|9213|53|62819|152
grp-a001-02-000000059821023|200|5|1|1|2025-12-30T04:55:46.000Z|19833|108|186868|154
grp-a001-02-000000059821034|200|5|1|1|2025-12-30T04:55:46.000Z|13003|49|84826|154
grp-a001-02-000000059821054|200|5|1|1|2025-12-30T04:55:46.000Z|23543|95|161800|154
grp-a001-02-000000059821088|200|5|1|1|2025-12-30T04:55:46.000Z|24527|440|477346|154
grp-a001-02-000000059821217|200|5|1|1|2025-12-30T04:55:46.000Z|15484|138|197048|154
grp-a001-02-000000059821232|200|5|1|1|2025-12-30T04:55:46.000Z|5009|30|42168|118
grp-a001-02-000000059821259|200|5|1|1|2025-12-30T04:55:46.000Z|0|0|0|0
grp-a001-02-000000059821811|200|5|1|1|2025-12-30T04:55:46.000Z|0|0|0|0
grp-a001-02-000000059821852|200|5|1|1|2025-12-30T04:55:46.000Z|11417|158|190399|154
grp-a001-02-000000059821874|200|5|1|1|2025-12-30T04:55:46.000Z|9176|44|60613|154
grp-a001-02-000000059821962|200|5|1|1|2025-12-30T04:55:46.000Z|34155|451|762033|148
grp-a001-02-000000059822914|200|5|1|1|2025-12-30T04:55:46.000Z|27178|158|288845|154
grp-a001-02-000000059826423|200|5|1|1|2025-12-30T05:29:20.000Z|520|5|3379|129
grp-a001-02-000000059826628|200|5|1|1|2025-12-30T05:30:49.000Z|10802|28|22675|154
grp-a001-02-000000059826947|200|5|1|1|2025-12-30T05:33:11.000Z|0|0|0|0
grp-a001-02-000000059830874|200|0|1|1|2026-07-20T01:36:02.000Z|84757|1641|1945885|154
grp-a001-02-000000059830952|200|4|1|1|2025-12-30T06:20:59.000Z|55759|732|798948|154
grp-a001-02-000000062947038|200|5|1|1|2026-02-24T00:25:33.000Z|16882|306|512025|144
grp-a001-02-000000062947040|200|0|1|1|2026-07-16T06:42:26.000Z|51004|823|1330790|153
grp-a001-02-000000062947041|200|5|1|1|2026-02-24T00:25:33.000Z|30136|445|764458|145
grp-a001-02-000000044299892|200|2|1|1|2024-08-20T07:50:13.000Z|25350|383|606635|154
grp-a001-02-000000044299955|200|2|1|1|2024-08-20T07:53:54.000Z|24807|170|314431|155
grp-a001-02-000000044299975|200|2|1|1|2024-08-20T07:54:14.000Z|10467|50|91089|155
grp-a001-02-000000044300022|200|2|1|1|2024-08-20T07:54:38.000Z|17005|252|317994|155
grp-a001-02-000000044300024|200|2|1|1|2024-08-20T07:54:39.000Z|37052|404|610290|155
grp-a001-02-000000044300027|200|2|1|1|2024-08-20T07:54:39.000Z|18344|209|309907|155
grp-a001-02-000000044300450|200|2|1|1|2024-08-20T08:08:04.000Z|11794|55|90415|155
grp-a001-02-000000044300513|200|2|1|1|2024-08-20T08:09:54.000Z|6699|22|40865|155
grp-a001-02-000000045811975|200|2|1|1|2024-10-31T02:31:09.000Z|15369|320|491035|154
grp-a001-02-000000046437508|200|2|1|1|2024-11-26T05:22:38.000Z|24805|200|329836|155
grp-a001-02-000000054131225|200|2|1|1|2025-08-29T07:32:31.000Z|0|0|0|0
grp-a001-02-000000054131331|200|2|1|1|2025-08-29T07:33:24.000Z|0|0|0|0
grp-a001-02-000000044601438|200|5|1|1|2025-12-30T06:50:04.000Z|20300|163|385641|130
grp-a001-02-000000044601555|200|5|1|1|2025-12-30T06:50:04.000Z|37077|164|360257|155
grp-a001-02-000000044603941|200|5|1|1|2025-12-30T06:50:04.000Z|1698|18|22858|76
grp-a001-02-000000044603942|200|5|1|1|2025-12-30T06:50:04.000Z|6982|42|77384|126
grp-a001-02-000000044823468|200|5|1|1|2025-12-30T06:50:04.000Z|33379|295|608724|134
grp-a001-02-000000059830517|200|5|1|1|2025-12-30T06:50:05.000Z|28828|127|241131|154
grp-a001-02-000000059830521|200|5|1|1|2025-12-30T06:50:05.000Z|669|3|2780|138
grp-a001-02-000000059830530|200|5|1|1|2025-12-30T06:50:05.000Z|19730|37|94928|142
grp-a001-02-000000059830538|200|5|1|1|2025-12-30T06:50:05.000Z|5896|13|26962|87
grp-a001-02-000000059830547|200|5|1|1|2025-12-30T06:50:05.000Z|10638|8|17214|108
grp-a001-02-000000059830552|200|5|1|1|2025-12-30T06:50:05.000Z|8863|22|33884|153
grp-a001-02-000000059832206|200|5|1|1|2025-12-30T06:50:04.000Z|6126|8|8129|153
grp-a001-02-000000059832280|200|5|1|1|2025-12-30T06:50:04.000Z|9461|51|81209|74
grp-a001-02-000000059832323|200|5|1|1|2025-12-30T06:50:04.000Z|0|0|0|0
grp-a001-02-000000059832332|200|5|1|1|2025-12-30T06:50:04.000Z|9077|47|69820|153
grp-a001-02-000000059832333|200|5|1|1|2025-12-30T06:50:04.000Z|0|0|0|0
grp-a001-02-000000059832343|200|5|1|1|2025-12-30T06:50:05.000Z|0|0|0|0
grp-a001-02-000000059832344|200|5|1|1|2025-12-30T06:50:05.000Z|10287|17|25152|154
grp-a001-02-000000059832490|200|5|1|1|2025-12-30T06:50:05.000Z|22224|91|175853|148
grp-a001-02-000000059832492|200|5|1|1|2025-12-30T06:50:04.000Z|8785|20|34728|126
grp-a001-02-000000059879629|200|4|1|1|2025-12-31T04:41:39.000Z|12438|76|184722|114
grp-a001-02-000000059879675|200|4|1|1|2025-12-31T04:42:16.000Z|1744|13|7348|143
grp-a001-02-000000059879687|200|4|1|1|2025-12-31T04:42:30.000Z|19253|110|195778|155
grp-a001-02-000000059880038|200|4|1|1|2025-12-31T04:47:44.000Z|3131|6|5504|152
grp-a001-02-000000044743916|200|5|1|1|2025-12-09T01:52:18.000Z|9361|33|41777|136
grp-a001-02-000000044743917|200|5|1|1|2025-12-09T01:52:18.000Z|12865|31|41803|136
grp-a001-02-000000044743918|200|5|1|1|2025-12-09T01:52:18.000Z|20889|39|50938|136
grp-a001-02-000000044743919|200|5|1|1|2025-12-09T01:52:18.000Z|1493|3|1719|117
grp-a001-02-000000044744110|200|5|1|1|2025-12-09T01:52:18.000Z|21288|92|117099|136
grp-a001-02-000000044744111|200|5|1|1|2025-12-09T01:52:18.000Z|12414|24|31342|131
grp-a001-02-000000044744526|200|5|1|1|2025-12-09T01:52:18.000Z|7816|25|23244|136
grp-a001-02-000000044825994|200|5|1|1|2025-12-09T01:52:18.000Z|13916|68|84564|136
grp-a001-02-000000048079095|200|5|1|1|2025-12-09T01:52:18.000Z|4269|42|67571|124
grp-a001-02-000000058709325|200|5|1|1|2025-12-09T01:52:18.000Z|5197|57|69658|136
grp-a001-02-000000065140028|200|7|1|1|2026-04-13T01:11:24.000Z|11153|135|198995|102
grp-a001-02-000000044905928|200|2|1|1|2024-09-13T01:37:02.000Z|0|0|0|0
grp-a001-02-000000044905940|200|2|1|1|2024-09-13T01:38:26.000Z|0|0|0|0
grp-a001-02-000000044952212|200|2|1|1|2024-09-19T06:28:22.000Z|138|1|67|74
grp-a001-02-000000044952305|200|2|1|1|2024-09-19T06:32:16.000Z|963|12|6508|152
grp-a001-02-000000045087060|200|2|1|1|2024-09-27T01:56:58.000Z|5351|78|86319|154
grp-a001-02-000000045087074|200|2|1|1|2024-09-27T01:57:20.000Z|2|0|0|2
grp-a001-02-000000045329157|200|2|1|1|2024-10-08T06:07:23.000Z|555|3|384|116
grp-a001-02-000000045949118|200|2|1|1|2024-11-05T07:41:00.000Z|6427|90|126563|153
grp-a001-02-000000045949119|200|2|1|1|2024-11-05T07:41:01.000Z|0|0|0|0
grp-a001-02-000000045949120|200|2|1|1|2024-11-05T07:41:01.000Z|0|0|0|0
grp-a001-02-000000045949121|200|2|1|1|2024-11-05T07:41:02.000Z|0|0|0|0
grp-a001-02-000000046161213|200|2|1|1|2024-11-13T08:56:39.000Z|10776|85|114021|155
grp-a001-02-000000046161215|200|2|1|1|2024-11-13T08:56:40.000Z|1934|13|8925|150
grp-a001-02-000000055074671|200|4|1|1|2025-09-23T04:52:36.000Z|23978|212|204938|155
grp-a001-02-000000046072248|200|2|1|1|2024-11-08T02:31:26.000Z|13140|35|35886|155
grp-a001-02-000000046072553|200|2|1|1|2024-11-08T02:40:18.000Z|4454|10|9046|155
grp-a001-02-000000046072554|200|2|1|1|2024-11-08T02:40:19.000Z|5967|20|24275|154
grp-a001-02-000000046074558|200|2|1|1|2024-11-08T04:08:44.000Z|1677|3|3103|154
grp-a001-02-000000046074559|200|2|1|1|2024-11-08T04:08:44.000Z|4897|8|6488|107
grp-a001-02-000000048079128|200|2|1|1|2025-02-21T06:20:08.000Z|3|0|0|3
grp-a001-02-000000046125958|200|2|1|1|2024-11-12T04:21:19.000Z|2146|4|6148|141
grp-a001-02-000000046125983|200|2|1|1|2024-11-12T04:22:02.000Z|2222|3|3873|153
grp-a001-02-000000046126151|200|2|1|1|2024-11-12T04:25:45.000Z|1546|6|6385|151
grp-a001-02-000000046126174|200|2|1|1|2024-11-12T04:27:13.000Z|1757|6|6194|154
grp-a001-02-000000046126176|200|2|1|1|2024-11-12T04:27:13.000Z|1360|4|4775|145
grp-a001-02-000000046126177|200|2|1|1|2024-11-12T04:27:14.000Z|485|4|6360|16
grp-a001-02-000000046126252|200|2|1|1|2024-11-12T04:31:07.000Z|846|2|2051|140
grp-a001-02-000000046126256|200|2|1|1|2024-11-12T04:31:09.000Z|1869|12|16894|139
grp-a001-02-000000046126369|200|2|1|1|2024-11-12T04:35:17.000Z|2617|19|23723|153
grp-a001-02-000000046126373|200|2|1|1|2024-11-12T04:35:18.000Z|3394|24|25826|155
grp-a001-02-000000046223421|200|2|1|1|2024-11-15T08:17:19.000Z|10718|129|168593|167
grp-a001-02-000000046224017|200|2|1|1|2024-11-15T08:30:40.000Z|9246|146|192305|166
grp-a001-02-000000046224018|200|2|1|1|2024-11-15T08:30:40.000Z|3915|99|84079|165
grp-a001-02-000000046224076|200|2|1|1|2024-11-15T08:32:38.000Z|13738|197|312407|168
grp-a001-02-000000046224077|200|2|1|1|2024-11-15T08:32:38.000Z|43855|138|249066|168
grp-a001-02-000000046838302|200|2|1|1|2024-12-16T05:36:08.000Z|5391|61|82337|166
grp-a001-02-000000046838304|200|2|1|1|2024-12-16T05:36:09.000Z|3426|48|56377|157
grp-a001-02-000000046838305|200|2|1|1|2024-12-16T05:36:09.000Z|1227|15|13187|165
grp-a001-02-000000055074537|200|4|1|1|2025-09-23T04:50:12.000Z|31203|163|215033|168
grp-a001-02-000000046415318|200|2|1|1|2024-11-25T06:59:45.000Z|22132|148|81520|155
grp-a001-02-000000046415341|200|2|1|1|2024-11-25T07:00:15.000Z|19167|62|30287|154
grp-a001-02-000000053481812|200|4|1|1|2025-08-12T05:37:18.000Z|1891|39|36989|149
grp-a001-02-000000053481831|200|4|1|1|2025-08-12T05:37:18.000Z|825|5|5233|122
grp-a001-02-000000053481892|200|4|1|1|2025-08-12T05:37:18.000Z|914|3|3975|131
grp-a001-02-000000053481936|200|4|1|1|2025-08-12T05:37:18.000Z|0|0|0|0
grp-a001-02-000000053481974|200|4|1|1|2025-08-12T05:37:18.000Z|391|2|1813|82
grp-a001-02-000000053482043|200|4|1|1|2025-08-12T05:37:18.000Z|1179|3|4060|140
grp-a001-02-000000053482102|200|4|1|1|2025-08-12T05:37:18.000Z|1967|2|2183|137
grp-a001-02-000000053482158|200|4|1|1|2025-08-12T05:37:18.000Z|1279|3|3571|123
grp-a001-02-000000053482203|200|4|1|1|2025-08-12T05:37:18.000Z|928|8|7203|140
grp-a001-02-000000046920358|200|2|1|1|2024-12-19T08:32:38.000Z|0|0|0|0
grp-a001-02-000000047076745|200|4|1|1|2024-12-30T06:45:56.000Z|2698|42|43966|160
grp-a001-02-000000047076797|200|4|1|1|2024-12-30T06:47:19.000Z|29505|301|500818|168
grp-a001-02-000000047076945|200|4|1|1|2024-12-30T06:51:51.000Z|29106|184|301291|168
grp-a001-02-000000047076946|200|4|1|1|2024-12-30T06:51:52.000Z|7377|123|132045|168
grp-a001-02-000000047077161|200|4|1|1|2024-12-30T06:57:42.000Z|22340|298|312207|168
grp-a001-02-000000055087285|200|4|1|1|2025-09-23T07:40:13.000Z|14077|92|91040|168
grp-a001-02-000000047076131|200|4|1|1|2024-12-30T06:24:21.000Z|3508|4|6342|145
grp-a001-02-000000047076159|200|4|1|1|2024-12-30T06:25:25.000Z|4966|22|32922|155
grp-a001-02-000000047076722|200|4|1|1|2024-12-30T06:44:51.000Z|4719|45|66837|155
grp-a001-02-000000047076723|200|4|1|1|2024-12-30T06:44:52.000Z|2983|26|37173|151
grp-a001-02-000000047076737|200|4|1|1|2024-12-30T06:45:34.000Z|2230|12|20698|145
grp-a001-02-000000047076738|200|4|1|1|2024-12-30T06:45:34.000Z|761|4|6382|85
grp-a001-02-000000049350416|200|2|1|1|2025-04-10T04:36:32.000Z|3948|18|26168|155
grp-a001-02-000000049354013|200|2|1|1|2025-04-10T06:02:02.000Z|3248|8|13663|145
grp-a001-02-000000047005161|200|2|1|1|2024-12-26T04:45:11.000Z|5939|336|147472|155
grp-a001-02-000000047005364|200|0|1|1|2026-07-14T07:02:49.000Z|91677|2029|2546355|155
grp-a001-02-000000047485171|200|2|1|1|2025-01-22T00:44:13.000Z|0|0|0|0
grp-a001-02-000000051215431|200|2|1|1|2025-06-13T01:23:21.000Z|0|0|0|0
grp-a001-02-000000051215435|200|2|1|1|2025-06-13T01:23:22.000Z|0|0|0|0
grp-a001-02-000000049539306|200|2|1|1|2025-04-18T00:52:35.000Z|0|0|0|0
grp-a001-02-000000049539307|200|2|1|1|2025-04-18T00:52:36.000Z|0|0|0|0
grp-a001-02-000000049539308|200|2|1|1|2025-04-18T00:52:37.000Z|0|0|0|0
grp-a001-02-000000049539310|200|2|1|1|2025-04-18T00:52:37.000Z|0|0|0|0
grp-a001-02-000000049539311|200|2|1|1|2025-04-18T00:52:38.000Z|0|0|0|0
grp-a001-02-000000049539312|200|2|1|1|2025-04-18T00:52:38.000Z|0|0|0|0
grp-a001-02-000000049539313|200|2|1|1|2025-04-18T00:52:39.000Z|0|0|0|0
grp-a001-02-000000049539314|200|2|1|1|2025-04-18T00:52:39.000Z|0|0|0|0
grp-a001-02-000000049539315|200|2|1|1|2025-04-18T00:52:40.000Z|0|0|0|0
grp-a001-02-000000049539316|200|2|1|1|2025-04-18T00:52:40.000Z|0|0|0|0
grp-a001-02-000000049539317|200|2|1|1|2025-04-18T00:52:41.000Z|0|0|0|0
grp-a001-02-000000049539318|200|2|1|1|2025-04-18T00:52:41.000Z|0|0|0|0
grp-a001-02-000000049539320|200|2|1|1|2025-04-18T00:52:42.000Z|0|0|0|0
grp-a001-02-000000049539322|200|2|1|1|2025-04-18T00:52:43.000Z|0|0|0|0
grp-a001-02-000000049539323|200|2|1|1|2025-04-18T00:52:43.000Z|0|0|0|0
grp-a001-02-000000049539324|200|2|1|1|2025-04-18T00:52:43.000Z|0|0|0|0
grp-a001-02-000000049539325|200|2|1|1|2025-04-18T00:52:44.000Z|0|0|0|0
grp-a001-02-000000049539326|200|2|1|1|2025-04-18T00:52:44.000Z|0|0|0|0
grp-a001-02-000000049539327|200|2|1|1|2025-04-18T00:52:45.000Z|0|0|0|0
grp-a001-02-000000049539329|200|2|1|1|2025-04-18T00:52:48.000Z|0|0|0|0
grp-a001-02-000000049539330|200|2|1|1|2025-04-18T00:52:49.000Z|0|0|0|0
grp-a001-02-000000049539331|200|2|1|1|2025-04-18T00:52:49.000Z|0|0|0|0
grp-a001-02-000000049539332|200|2|1|1|2025-04-18T00:52:50.000Z|0|0|0|0
grp-a001-02-000000049539356|200|2|1|1|2025-04-18T00:54:09.000Z|0|0|0|0
grp-a001-02-000000049539372|200|2|1|1|2025-04-18T00:54:17.000Z|0|0|0|0
grp-a001-02-000000049539373|200|2|1|1|2025-04-18T00:54:17.000Z|0|0|0|0
grp-a001-02-000000049539374|200|2|1|1|2025-04-18T00:54:18.000Z|0|0|0|0
grp-a001-02-000000049539376|200|2|1|1|2025-04-18T00:54:18.000Z|0|0|0|0
grp-a001-02-000000049539377|200|2|1|1|2025-04-18T00:54:19.000Z|0|0|0|0
grp-a001-02-000000049539378|200|2|1|1|2025-04-18T00:54:19.000Z|0|0|0|0
grp-a001-02-000000049539380|200|2|1|1|2025-04-18T00:54:20.000Z|0|0|0|0
grp-a001-02-000000049539381|200|2|1|1|2025-04-18T00:54:20.000Z|0|0|0|0
grp-a001-02-000000049539382|200|2|1|1|2025-04-18T00:54:20.000Z|0|0|0|0
grp-a001-02-000000049539383|200|2|1|1|2025-04-18T00:54:21.000Z|0|0|0|0
grp-a001-02-000000049539385|200|2|1|1|2025-04-18T00:54:27.000Z|0|0|0|0
grp-a001-02-000000049539386|200|2|1|1|2025-04-18T00:54:28.000Z|0|0|0|0
grp-a001-02-000000049539389|200|2|1|1|2025-04-18T00:54:28.000Z|0|0|0|0
grp-a001-02-000000049539390|200|2|1|1|2025-04-18T00:54:29.000Z|0|0|0|0
grp-a001-02-000000049539391|200|2|1|1|2025-04-18T00:54:29.000Z|0|0|0|0
grp-a001-02-000000049539392|200|2|1|1|2025-04-18T00:54:30.000Z|0|0|0|0
grp-a001-02-000000049539393|200|2|1|1|2025-04-18T00:54:30.000Z|0|0|0|0
grp-a001-02-000000049539394|200|2|1|1|2025-04-18T00:54:31.000Z|0|0|0|0
grp-a001-02-000000049539395|200|2|1|1|2025-04-18T00:54:32.000Z|0|0|0|0
grp-a001-02-000000049539396|200|2|1|1|2025-04-18T00:54:32.000Z|0|0|0|0
grp-a001-02-000000049539418|200|2|1|1|2025-04-18T00:55:00.000Z|0|0|0|0
grp-a001-02-000000049539424|200|2|1|1|2025-04-18T00:55:11.000Z|0|0|0|0
grp-a001-02-000000049539425|200|2|1|1|2025-04-18T00:55:12.000Z|0|0|0|0
grp-a001-02-000000049539426|200|2|1|1|2025-04-18T00:55:12.000Z|0|0|0|0
grp-a001-02-000000049539427|200|2|1|1|2025-04-18T00:55:13.000Z|0|0|0|0
grp-a001-02-000000049539428|200|2|1|1|2025-04-18T00:55:13.000Z|0|0|0|0
grp-a001-02-000000049539430|200|2|1|1|2025-04-18T00:55:13.000Z|0|0|0|0
grp-a001-02-000000049539431|200|2|1|1|2025-04-18T00:55:14.000Z|0|0|0|0
grp-a001-02-000000049539433|200|2|1|1|2025-04-18T00:55:14.000Z|0|0|0|0
grp-a001-02-000000049539434|200|2|1|1|2025-04-18T00:55:15.000Z|0|0|0|0
grp-a001-02-000000049539435|200|2|1|1|2025-04-18T00:55:15.000Z|0|0|0|0
grp-a001-02-000000049539464|200|4|1|1|2025-04-18T00:56:06.000Z|0|0|0|0
grp-a001-02-000000049539465|200|4|1|1|2025-04-18T00:56:07.000Z|0|0|0|0
grp-a001-02-000000049539466|200|4|1|1|2025-04-18T00:56:07.000Z|0|0|0|0
grp-a001-02-000000049539467|200|4|1|1|2025-04-18T00:56:08.000Z|0|0|0|0
grp-a001-02-000000049539469|200|4|1|1|2025-04-18T00:56:08.000Z|0|0|0|0
grp-a001-02-000000049539470|200|2|1|1|2025-04-18T00:56:08.000Z|0|0|0|0
grp-a001-02-000000049539474|200|2|1|1|2025-04-18T00:56:15.000Z|0|0|0|0
grp-a001-02-000000049539481|200|2|1|1|2025-04-18T00:56:40.000Z|0|0|0|0
grp-a001-02-000000049539482|200|2|1|1|2025-04-18T00:56:40.000Z|0|0|0|0
grp-a001-02-000000049539483|200|2|1|1|2025-04-18T00:56:41.000Z|0|0|0|0
grp-a001-02-000000049539485|200|2|1|1|2025-04-18T00:56:41.000Z|0|0|0|0
grp-a001-02-000000049539486|200|2|1|1|2025-04-18T00:56:42.000Z|0|0|0|0
grp-a001-02-000000049539487|200|2|1|1|2025-04-18T00:56:42.000Z|0|0|0|0
grp-a001-02-000000049539489|200|2|1|1|2025-04-18T00:56:42.000Z|0|0|0|0
grp-a001-02-000000049539490|200|2|1|1|2025-04-18T00:56:43.000Z|0|0|0|0
grp-a001-02-000000049539491|200|2|1|1|2025-04-18T00:56:43.000Z|0|0|0|0
grp-a001-02-000000049539492|200|2|1|1|2025-04-18T00:56:44.000Z|0|0|0|0
grp-a001-02-000000049539510|200|2|1|1|2025-04-18T00:57:48.000Z|0|0|0|0
grp-a001-02-000000049539511|200|2|1|1|2025-04-18T00:57:48.000Z|0|0|0|0
grp-a001-02-000000049539526|200|2|1|1|2025-04-18T00:57:52.000Z|0|0|0|0
grp-a001-02-000000049539527|200|2|1|1|2025-04-18T00:57:53.000Z|0|0|0|0
grp-a001-02-000000049539528|200|2|1|1|2025-04-18T00:57:53.000Z|0|0|0|0
grp-a001-02-000000049539529|200|2|1|1|2025-04-18T00:57:54.000Z|0|0|0|0
grp-a001-02-000000049539530|200|2|1|1|2025-04-18T00:57:54.000Z|0|0|0|0
grp-a001-02-000000049539531|200|2|1|1|2025-04-18T00:57:55.000Z|0|0|0|0
grp-a001-02-000000049539532|200|2|1|1|2025-04-18T00:57:55.000Z|0|0|0|0
grp-a001-02-000000049539533|200|2|1|1|2025-04-18T00:57:55.000Z|0|0|0|0
grp-a001-02-000000049539534|200|2|1|1|2025-04-18T00:57:56.000Z|0|0|0|0
grp-a001-02-000000049539535|200|2|1|1|2025-04-18T00:57:56.000Z|0|0|0|0
grp-a001-02-000000049539544|200|2|1|1|2025-04-18T00:58:19.000Z|0|0|0|0
grp-a001-02-000000049539545|200|2|1|1|2025-04-18T00:58:19.000Z|0|0|0|0
grp-a001-02-000000049539546|200|2|1|1|2025-04-18T00:58:20.000Z|0|0|0|0
grp-a001-02-000000049539547|200|2|1|1|2025-04-18T00:58:20.000Z|0|0|0|0
grp-a001-02-000000049539548|200|2|1|1|2025-04-18T00:58:20.000Z|0|0|0|0
grp-a001-02-000000049539549|200|2|1|1|2025-04-18T00:58:21.000Z|0|0|0|0
grp-a001-02-000000049539550|200|2|1|1|2025-04-18T00:58:21.000Z|0|0|0|0
grp-a001-02-000000049539551|200|2|1|1|2025-04-18T00:58:22.000Z|0|0|0|0
grp-a001-02-000000049539553|200|2|1|1|2025-04-18T00:58:22.000Z|0|0|0|0
grp-a001-02-000000049539554|200|2|1|1|2025-04-18T00:58:23.000Z|0|0|0|0
grp-a001-02-000000049539557|200|4|1|1|2025-04-18T00:58:30.000Z|0|0|0|0
grp-a001-02-000000049539558|200|4|1|1|2025-04-18T00:58:30.000Z|0|0|0|0
grp-a001-02-000000049539559|200|4|1|1|2025-04-18T00:58:31.000Z|0|0|0|0
grp-a001-02-000000049539560|200|4|1|1|2025-04-18T00:58:31.000Z|0|0|0|0
grp-a001-02-000000049539561|200|2|1|1|2025-04-18T00:58:32.000Z|0|0|0|0
grp-a001-02-000000049539562|200|4|1|1|2025-04-18T00:58:32.000Z|0|0|0|0
grp-a001-02-000000049539563|200|2|1|1|2025-04-18T00:58:32.000Z|0|0|0|0
grp-a001-02-000000049539564|200|4|1|1|2025-04-18T00:58:33.000Z|0|0|0|0
grp-a001-02-000000052176555|200|4|1|1|2025-07-07T00:43:47.000Z|93|1|800|2
grp-a001-02-000000052176575|200|4|1|1|2025-07-07T00:43:47.000Z|77|3|1210|2
grp-a001-02-000000052193550|200|4|1|1|2025-07-07T07:32:55.000Z|2611|25|11220|154
grp-a001-02-000000052193556|200|4|1|1|2025-07-07T07:32:55.000Z|833|7|2771|122
grp-a001-02-000000052193613|200|4|1|1|2025-07-07T07:32:55.000Z|1083|16|5972|88
grp-a001-02-000000052193617|200|4|1|1|2025-07-07T07:32:55.000Z|1754|9|4012|123
grp-a001-02-000000052193624|200|4|1|1|2025-07-07T07:32:55.000Z|1070|7|2852|109
grp-a001-02-000000052193631|200|4|1|1|2025-07-07T07:32:55.000Z|4693|39|17876|151
grp-a001-02-000000052819145|200|4|1|1|2025-07-23T05:54:03.000Z|576|17|2333|128
grp-a001-02-000000052959049|200|4|1|1|2025-07-28T04:57:17.000Z|45854|592|627863|94
grp-a001-02-000000053253939|200|4|1|1|2025-08-06T02:11:48.000Z|0|0|0|0
grp-a001-02-000000054204201|200|6|1|1|2025-09-01T05:53:54.000Z|8328|169|56859|91
grp-a001-02-000000054282282|200|4|1|1|2025-09-03T01:06:32.000Z|10713|33|18372|155
grp-a001-02-000000054403336|200|4|1|1|2025-09-05T06:27:28.000Z|0|0|0|0
grp-a001-02-000000054607977|200|4|1|1|2025-09-10T08:25:46.000Z|1968|7|3022|151
grp-a001-02-000000054608016|200|4|1|1|2025-09-10T08:26:48.000Z|2697|16|5625|154
grp-a001-02-000000055386434|200|4|1|1|2025-09-30T00:29:38.000Z|605|4|529|130
grp-a001-02-000000054617822|200|0|1|1|2026-07-16T01:47:43.000Z|3234|17|25893|14
grp-a001-02-000000054617868|200|4|1|1|2025-09-11T00:49:41.000Z|93|0|0|23
grp-a001-02-000000055091017|200|4|1|1|2025-09-23T08:49:23.000Z|0|0|0|0
grp-a001-02-000000059808403|200|5|1|1|2025-12-30T01:13:53.000Z|7068|49|61999|154
grp-a001-02-000000059809116|200|5|1|1|2025-12-30T01:27:55.000Z|4062|20|31783|108
grp-a001-02-000000059810135|200|5|1|1|2025-12-30T02:00:26.000Z|6092|95|131701|140
grp-a001-02-000000059810410|200|5|1|1|2025-12-30T02:11:04.000Z|11819|118|149979|135
grp-a001-02-000000059811691|200|5|1|1|2025-12-30T02:27:07.000Z|7005|65|82626|155
grp-a001-02-000000059812037|200|5|1|1|2025-12-30T02:29:31.000Z|18448|197|315292|155
grp-a001-02-000000059812606|200|5|1|1|2025-12-30T02:35:25.000Z|21107|334|430522|155
grp-a001-02-000000059817936|200|5|1|1|2025-12-30T03:59:50.000Z|9324|23|23994|153
grp-a001-02-000000059819724|200|5|1|1|2025-12-30T04:23:39.000Z|18457|72|101466|155
grp-a001-02-000000059819800|200|5|1|1|2025-12-30T04:24:34.000Z|4968|37|41415|155
grp-a001-02-000000059820721|200|5|1|1|2025-12-30T04:39:54.000Z|10315|101|164424|93
grp-a001-02-000000059820722|200|5|1|1|2025-12-30T04:39:54.000Z|5511|19|23035|70
grp-a001-02-000000059820923|200|5|1|1|2025-12-30T04:43:34.000Z|13254|216|232061|135
grp-a001-02-000000059820925|200|5|1|1|2025-12-30T04:43:35.000Z|13462|82|102897|139
grp-a001-02-000000059822073|200|5|1|1|2025-12-30T04:52:23.000Z|18060|185|238495|139
grp-a001-02-000000059822154|200|5|1|1|2025-12-30T04:52:48.000Z|14029|130|180398|143
grp-a001-02-000000059822246|200|5|1|1|2025-12-30T04:53:13.000Z|9089|17|22729|151
grp-a001-02-000000059822251|200|5|1|1|2025-12-30T04:53:14.000Z|20528|205|289320|155
grp-a001-02-000000059822273|200|5|1|1|2025-12-30T04:53:18.000Z|13924|13|16685|150
grp-a001-02-000000059823013|200|5|1|1|2025-12-30T04:55:50.000Z|9958|130|181037|155
grp-a001-02-000000059824059|200|5|1|1|2025-12-30T05:02:24.000Z|24587|380|531601|155
grp-a001-02-000000059832147|200|4|1|1|2025-12-30T06:35:15.000Z|6178|50|34018|154
grp-a001-02-000000059832150|200|4|1|1|2025-12-30T06:35:16.000Z|4212|46|37778|151
grp-a001-02-000000059808374|200|5|1|1|2025-12-30T01:11:42.000Z|277|3|3030|12
grp-a001-02-000000059819574|200|5|1|1|2025-12-30T04:21:46.000Z|363|3|3450|12
grp-a001-02-000000059819577|200|5|1|1|2025-12-30T04:21:48.000Z|1245|4|3750|12
grp-a001-02-000000059826000|200|5|1|1|2025-12-30T05:26:25.000Z|0|0|0|0
grp-a001-02-000000059826577|200|46|1|1|2025-12-30T05:33:06.000Z|456|4|2788|111
grp-a001-02-000000059827137|200|46|1|1|2025-12-30T05:34:44.000Z|385|4|2980|120
grp-a001-02-000000059827296|200|46|1|1|2025-12-30T05:36:04.000Z|585|4|2656|121
grp-a001-02-000000059827297|200|46|1|1|2025-12-30T05:36:05.000Z|363|3|2113|94
grp-a001-02-000000059827298|200|46|1|1|2025-12-30T05:36:05.000Z|629|1|770|130
grp-a001-02-000000059828242|200|46|1|1|2025-12-30T05:44:57.000Z|2740|14|9071|154
grp-a001-02-000000059828246|200|46|1|1|2025-12-30T05:44:58.000Z|495|0|0|98
grp-a001-02-000000059828464|200|46|1|1|2025-12-30T05:46:48.000Z|1216|5|4257|146
grp-a001-02-000000059828469|200|46|1|1|2025-12-30T05:46:58.000Z|875|6|3890|139
grp-a001-02-000000059828556|200|46|1|1|2025-12-30T05:47:30.000Z|671|5|3030|118
grp-a001-02-000000059829132|200|46|1|1|2025-12-30T05:51:56.000Z|2223|7|4662|150
grp-a001-02-000000059829228|200|46|1|1|2025-12-30T05:53:35.000Z|1464|2|1990|126
grp-a001-02-000000059829872|200|46|1|1|2025-12-30T06:04:48.000Z|687|1|1000|135
grp-a001-02-000000059829962|200|46|1|1|2025-12-30T06:06:10.000Z|8092|16|10946|154
grp-a001-02-000000061581230|200|5|1|1|2026-02-09T00:57:07.000Z|1372|9|7370|42
grp-a001-02-000000061581250|200|5|1|1|2026-02-09T00:57:06.000Z|3789|12|10998|60
grp-a001-02-000000061581254|200|5|1|1|2026-02-09T00:57:06.000Z|2303|22|15922|59
grp-a001-02-000000061581256|200|5|1|1|2026-02-09T00:57:07.000Z|0|0|0|0
grp-a001-02-000000061581260|200|5|1|1|2026-02-09T00:57:07.000Z|0|0|0|0
grp-a001-02-000000061581263|200|5|1|1|2026-02-09T00:57:07.000Z|0|0|0|0
grp-a001-02-000000061581264|200|5|1|1|2026-02-09T00:57:07.000Z|23151|68|72481|59
grp-a001-02-000000061581269|200|5|1|1|2026-02-09T00:57:07.000Z|64399|287|324820|31
grp-a001-02-000000061581308|200|5|1|1|2026-02-09T00:57:07.000Z|67419|56|47098|59
grp-a001-02-000000061793266|200|5|1|1|2026-02-09T00:57:07.000Z|0|0|0|0
grp-a001-02-000000061793288|200|5|1|1|2026-02-09T00:57:07.000Z|0|0|0|0
grp-a001-02-000000061793303|200|5|1|1|2026-02-09T00:57:07.000Z|0|0|0|0
grp-a001-02-000000061793320|200|5|1|1|2026-02-09T00:57:07.000Z|3191|13|14800|42
grp-a001-02-000000061793328|200|5|1|1|2026-02-09T00:57:07.000Z|7849|24|25990|18
grp-a001-02-000000061793341|200|5|1|1|2026-02-09T00:57:07.000Z|4291|12|11141|58
grp-a001-02-000000061793346|200|5|1|1|2026-02-09T00:57:07.000Z|5112|15|15327|57
grp-a001-02-000000061793358|200|5|1|1|2026-02-09T00:57:07.000Z|1341|6|4710|46
grp-a001-02-000000061793364|200|5|1|1|2026-02-09T00:57:07.000Z|3468|6|6060|43
grp-a001-02-000000061793373|200|5|1|1|2026-02-09T00:57:07.000Z|3446|16|11454|55
grp-a001-02-000000061793386|200|5|1|1|2026-02-09T00:57:07.000Z|3823|9|6971|55
grp-a001-02-000000061793395|200|5|1|1|2026-02-09T00:57:07.000Z|4199|13|10317|58
grp-a001-02-000000061793407|200|5|1|1|2026-02-09T00:57:07.000Z|8234|33|32846|60
grp-a001-02-000000061793411|200|5|1|1|2026-02-09T00:57:07.000Z|5267|11|9930|48
grp-a001-02-000000061793423|200|5|1|1|2026-02-09T00:57:07.000Z|18607|73|60028|55
grp-a001-02-000000061793448|200|5|1|1|2026-02-09T00:57:07.000Z|0|0|0|0
grp-a001-02-000000061793457|200|5|1|1|2026-02-09T00:57:07.000Z|0|0|0|0
grp-a001-02-000000061793470|200|5|1|1|2026-02-09T00:57:07.000Z|0|0|0|0
grp-a001-02-000000061793476|200|5|1|1|2026-02-09T00:57:07.000Z|0|0|0|0
grp-a001-02-000000061793489|200|5|1|1|2026-02-09T00:57:07.000Z|0|0|0|0
grp-a001-02-000000061793496|200|5|1|1|2026-02-09T00:57:07.000Z|1518|7|4014|54
grp-a001-02-000000061793511|200|5|1|1|2026-02-09T00:57:07.000Z|0|0|0|0
grp-a001-02-000000061793521|200|5|1|1|2026-02-09T00:57:07.000Z|1659|4|2414|56
grp-a001-02-000000061693679|200|5|1|1|2026-02-09T01:11:32.000Z|2899|5|3555|58
grp-a001-02-000000061693682|200|5|1|1|2026-02-09T01:11:32.000Z|6639|13|13820|60
grp-a001-02-000000061693688|200|5|1|1|2026-02-09T01:11:32.000Z|1505|3|2300|30
grp-a001-02-000000061693693|200|5|1|1|2026-02-09T01:11:32.000Z|6183|6|6293|60
grp-a001-02-000000061693695|200|5|1|1|2026-02-09T01:11:32.000Z|5589|17|19630|34
grp-a001-02-000000061693698|200|5|1|1|2026-02-09T01:11:32.000Z|16021|37|35077|60
grp-a001-02-000000061693700|200|5|1|1|2026-02-09T01:11:32.000Z|6691|10|10760|60
grp-a001-02-000000061693708|200|5|1|1|2026-02-09T01:11:32.000Z|4858|9|10560|48
grp-a001-02-000000061693716|200|5|1|1|2026-02-09T01:11:32.000Z|5230|25|28470|57
grp-a001-02-000000061693720|200|5|1|1|2026-02-09T01:11:32.000Z|5567|30|26158|60
grp-a001-02-000000061693722|200|5|1|1|2026-02-09T01:11:32.000Z|12322|44|40486|60
grp-a001-02-000000061693725|200|5|1|1|2026-02-09T01:11:32.000Z|4336|15|14546|59
grp-a001-02-000000061693728|200|5|1|1|2026-02-09T01:11:31.000Z|8034|14|14940|56
grp-a001-02-000000061693731|200|5|1|1|2026-02-09T01:11:31.000Z|7080|15|13772|59
grp-a001-02-000000061693735|200|5|1|1|2026-02-09T01:11:31.000Z|5417|7|8150|58
grp-a001-02-000000061693737|200|5|1|1|2026-02-09T01:11:31.000Z|3793|13|15310|33
grp-a001-02-000000061693757|200|5|1|1|2026-02-09T01:11:31.000Z|7580|13|13684|60
grp-a001-02-000000061693760|200|5|1|1|2026-02-09T01:11:31.000Z|8976|17|17470|60
grp-a001-02-000000061693771|200|5|1|1|2026-02-09T01:11:31.000Z|4778|10|9766|53
grp-a001-02-000000061693781|200|5|1|1|2026-02-09T01:11:31.000Z|8916|30|23960|60
grp-a001-02-000000061794086|200|5|1|1|2026-02-09T01:11:31.000Z|0|0|0|0
grp-a001-02-000000061794093|200|5|1|1|2026-02-09T01:11:31.000Z|0|0|0|0
grp-a001-02-000000061794099|200|5|1|1|2026-02-09T01:11:31.000Z|0|0|0|0
grp-a001-02-000000061794111|200|5|1|1|2026-02-09T01:11:31.000Z|0|0|0|0
grp-a001-02-000000061794117|200|5|1|1|2026-02-09T01:11:31.000Z|6299|12|10164|60
grp-a001-02-000000061794129|200|5|1|1|2026-02-09T01:11:31.000Z|3480|22|24001|35
grp-a001-02-000000061794137|200|5|1|1|2026-02-09T01:11:31.000Z|5031|14|14737|60
grp-a001-02-000000061794145|200|5|1|1|2026-02-09T01:11:31.000Z|5248|15|14650|54
grp-a001-02-000000061794152|200|5|1|1|2026-02-09T01:11:31.000Z|4898|11|12650|40
grp-a001-02-000000061794155|200|5|1|1|2026-02-09T01:11:31.000Z|5907|8|7377|60
grp-a001-02-000000061794157|200|5|1|1|2026-02-09T01:11:31.000Z|19176|40|33011|60
grp-a001-02-000000061794159|200|5|1|1|2026-02-09T01:11:31.000Z|3239|1|1200|58
grp-a001-02-000000061794162|200|5|1|1|2026-02-09T01:11:32.000Z|4774|28|16611|41
grp-a001-02-000000061794163|200|5|1|1|2026-02-09T01:11:32.000Z|2594|1|641|57
grp-a001-02-000000061794165|200|5|1|1|2026-02-09T01:11:32.000Z|1961|7|5610|58
grp-a001-02-000000061794167|200|5|1|1|2026-02-09T01:11:32.000Z|9288|66|24174|60
grp-a001-02-000000061794170|200|5|1|1|2026-02-09T01:11:32.000Z|2788|4|4160|60
grp-a001-02-000000061794172|200|5|1|1|2026-02-09T01:11:32.000Z|5191|7|6860|60
grp-a001-02-000000061794176|200|5|1|1|2026-02-09T01:11:32.000Z|8902|14|15678|59
grp-a001-02-000000061794179|200|5|1|1|2026-02-09T01:11:32.000Z|3205|5|3550|58
grp-a001-02-000000061794180|200|5|1|1|2026-02-09T01:11:32.000Z|1093|5|2629|34
grp-a001-02-000000061794181|200|5|1|1|2026-02-09T01:11:32.000Z|8202|14|16162|60
grp-a001-02-000000061794184|200|5|1|1|2026-02-09T01:11:32.000Z|4387|10|6729|60
grp-a001-02-000000061794187|200|5|1|1|2026-02-09T01:11:32.000Z|4885|6|5290|60
grp-a001-02-000000063093385|200|5|1|1|2026-02-26T04:44:05.000Z|17|0|0|10
grp-a001-02-000000063093697|200|0|1|1|2026-02-26T04:47:20.000Z|2843|0|0|16
grp-a001-02-000000063093828|200|5|1|1|2026-02-26T04:48:44.000Z|82|1|739|16
grp-a001-02-000000063095763|200|5|1|1|2026-02-26T05:07:25.000Z|4|0|0|3
grp-a001-02-000000063096531|200|0|1|1|2026-02-26T05:15:04.000Z|946|11|1291|112
grp-a001-04-000000026816637|200|0||||0|0|0|0
grp-a001-04-000000026820848|200|0||||0|0|0|0
grp-a001-04-000000029563274|200|0||||0|0|0|0
grp-a001-04-000000029564117|200|0||||0|0|0|0
grp-a001-04-000000037438930|200|0||||0|0|0|0
grp-a001-04-000000037438931|200|0||||0|0|0|0
grp-a001-04-000000041361672|200|0||||0|0|0|0
grp-a001-04-000000041361722|200|0||||0|0|0|0
grp-a001-04-000000048897051|200|0||||0|0|0|0
grp-a001-01-000000070094275|200|0|1|0|2026-07-13T04:59:26.000Z|0|0|0|0
grp-a001-01-000000070109481|200|0|0|1|2026-07-13T07:21:50.000Z|0|0|0|0
grp-a001-01-000000070110695|200|0|0|1|2026-07-13T07:31:45.000Z|0|0|0|0
grp-a001-01-000000070110703|200|0|1|1|2026-07-13T07:33:50.000Z|0|0|0|0
grp-a001-01-000000070111139|200|0|1|0|2026-07-13T07:36:13.000Z|0|0|0|0
grp-a001-01-000000070111142|200|0|1|1|2026-07-13T07:38:48.000Z|0|0|0|0
grp-a001-02-000000070108611|200|0|1|0|2026-07-13T07:15:09.000Z|2665|46|55089|7
grp-a001-02-000000070109616|200|0|0|1|2026-07-13T07:23:23.000Z|15228|310|295737|8
grp-a001-02-000000070109620|200|0|1|1|2026-07-13T07:28:33.000Z|0|0|0|0
grp-a001-02-000000070083989|200|0|1|0|2026-07-13T00:25:34.000Z|0|0|0|0
grp-a001-02-000000070084013|200|0|1|1|2026-07-13T00:29:16.000Z|0|0|0|0
grp-a001-01-000000070136001|200|6|0|1|2026-07-14T02:20:00.000Z|0|0|0|0
grp-a001-02-000000070451363|200|10|1|1|2026-07-21T11:51:52.000Z|23094|405|500671|30
grp-a001-01-000000070512941|200|6|1|1|2026-07-21T08:51:22.000Z|0|0|0|0
grp-a001-01-000000070513016|200|6|1|1|2026-07-21T08:51:22.000Z|0|0|0|0
grp-a001-01-000000070513065|200|6|1|1|2026-07-21T08:51:22.000Z|0|0|0|0
grp-a001-02-000000070523564|200|10|1|1|2026-07-21T11:51:52.000Z|71895|2285|2820124|29
grp-a001-02-000000070523694|200|10|1|1|2026-07-21T11:51:52.000Z|11655|188|292107|29
grp-a001-02-000000070833125|200|0|1|1|2026-07-27T12:58:05.000Z|702|7|5478|3
grp-a001-02-000000070833126|200|0|1|1|2026-07-27T12:58:06.000Z|3766|17|16590|3
grp-a001-02-000000070833127|200|0|1|1|2026-07-27T12:58:06.000Z|5547|48|50131|3
grp-a001-02-000000070991863|200|6|1|1|2026-07-30T05:02:11.000Z|43054|1233|1362668|20
grp-a001-02-000000070992078|200|6|1|1|2026-07-30T05:04:39.000Z|9868|130|98816|20
grp-a001-02-000000070992116|200|6|1|1|2026-07-30T05:04:39.000Z|8240|101|97463|20
grp-a001-01-000000071340947|200|6|1|1|2026-08-06T04:38:57.000Z|0|0|0|0
grp-a001-01-000000071340962|200|6|1|1|2026-08-06T04:37:37.000Z|0|0|0|0
grp-a001-01-000000071340970|200|6|1|1|2026-08-06T02:23:46.000Z|0|0|0|0
