platform_product_id,rev
10434377163,19900
10438431662,31800
10447230320,9700
10523645021,47400
10567229718,172800
10567300876,196310
10567336655,304600
10578185038,102400
10578197070,64000
10679209662,51500
10679236577,23700
10713176715,35700
10713521383,31800
10838869686,974600
10838953472,47700
10838990954,222600
10839030715,9900
10854901732,378200
10860205979,15000
10973246132,179000
11016053609,55400
11047667552,297100
11047702639,220800
11066065879,1730000
11066240019,47700
11066413691,19800
11090349740,429300
11090360449,79500
11090418255,15900
11090423153,130200
11091797602,22900
11096867288,22000
11100707703,53400
11100875595,80800
11149384244,95400
11174737218,63600
11174744030,63600
11174750730,15900
11174776967,47700
11174781362,190800
11174786504,131100
11174904521,47700
11175030293,35800
11259972316,37800
11259990426,56700
11260018794,113400
11260046530,473200
11260069028,726700
11263273873,84500
11263296721,84500
11263310083,16900
11263343049,33800
11263363765,118300
11263370160,33800
11287690712,1411000
11314698611,152100
11328652229,14800
11329452203,44000
11329694686,90000
11361238228,3199200
11361253594,1212000
11361293351,31800
11378853597,36400
11378881090,66600
11379135187,236600
11382700546,151200
11382748410,19800
11394916775,82800
11495508351,37800
11550083337,25600
11550098952,12800
11619407635,67000
11619407636,12800
11619407639,12800
11619407640,12800
11619407641,12800
11619407642,12800
11619407643,57200
11619407644,12800
11619407646,15800
11619407648,12800
11619407649,23700
11619407650,25600
11619531612,37760
11619806377,3131900
11619806378,442600
11619806379,845600
11619806380,299300
11619806381,330300
11619806382,289400
11619806383,1527150
11619806384,279400
11619806385,327200
11619806387,580800
11619806388,138200
11619806389,75600
11619806390,2452200
11619806392,268500
11619806393,1185600
11619806394,188900
11672253546,1166200
11672253548,143300
11672253549,298500
11672253550,521400
11672253551,505500
11672253552,79600
11672253553,417900
11672253554,123400
11672253555,123400
11672253556,99500
11672253557,517400
11672253558,79600
11672253559,199000
11672253561,497500
11672253562,39800
11672253565,159200
11672432784,94500
11672432785,75600
11672432786,152200
11672432787,152200
11672432788,113400
11696306463,254400
11696306464,190800
11696306465,333900
11696306467,19800
11696306468,159000
11696306469,222600
11696306470,51600
11696306471,127200
11696352849,79500
11696352850,15900
11696352851,51600
11696352852,31800
11696352853,47700
11696352856,31800
11696352857,47700
11696352858,111300
11696808536,16900
11696808537,16900
11696808538,16900
11730763627,127200
11730763630,15900
11730763636,15900
11730763637,15900
11730763638,15900
11730763641,15900
11730763642,47700
11733931989,490100
11733931991,204800
11733931992,356900
11733931993,304200
11733931994,52700
11733931995,154100
11733931996,202800
11733931997,219700
11733931998,219700
11733931999,370950
11733932000,610400
11733932001,424500
11734691063,890400
11734691064,552600
11734691065,349800
11734691066,528600
11734691067,838500
11734691068,636000
11734691070,850500
11734691071,636000
11734691072,604200
11734691073,333900
11734691074,524700
11734691075,683700
11734691076,159000
11734691077,810900
11734691078,1705200
11734691079,1876200
11734926167,654900
11734926168,480000
11734926169,241500
11734926170,206700
11734926171,145100
11734926172,333900
11734926173,238500
11734926174,161100
11734926175,190800
11734926176,79500
11734926177,365700
11734926178,318000
11734926180,556500
11734926181,15900
11734976624,636000
11734976626,377900
11734976627,206700
11734976628,143200
11734976630,143200
11734976631,174900
11734976632,636000
11734976633,129200
11734976634,381600
11734976635,790900
11734976636,15900
11734976637,15900
11745424644,174900
11745424645,323100
11745424647,31800
11745424648,148200
11745424649,211800
11745424650,31800
11745424651,31800
11745424652,15900
11745424653,31800
11745424654,31800
11745424656,143100
11745424657,127200
11745424659,63600
11745424660,95400
11745424661,95400
11745424662,63600
11745424664,15900
11745424666,31800
11745424667,15900
11745471848,16900
11745471853,67600
11745501260,84500
11745501261,152100
11745501262,16900
11745501263,50700
11745559045,15900
11745559046,95400
11745559047,15900
11745559048,15900
11745559049,63600
11745559050,15900
11745559051,47700
11745559053,15900
11745559055,31800
11751783423,79500
11751783424,63600
11751783425,97400
11751783426,31800
11751783427,206700
11751783429,79500
11751783430,124020
11751783431,47700
11751783432,33800
11751783433,63600
11751783434,31800
11751783436,145100
11752403678,1523200
11752403679,1578000
11752403680,751200
11752403681,678700
11752403682,1157700
11752403683,285200
11752403684,1107000
11752403685,514700
11752403686,564300
11752403688,385500
11752403689,642900
11752403690,333900
11752403691,619100
11752403692,143100
11752403693,302100
11752403694,251400
11752403695,143100
11752403696,140100
11752403698,961800
11752403699,95400
11752403700,770100
11752403701,251400
11752403702,503700
11752403703,1175500
11752403704,770100
11752403705,47700
11752403706,515700
11752403707,251400
11752403708,159000
11752403711,1653500
11752403712,1344300
11752403713,386500
11752403714,584300
11752403715,206700
11752403716,375600
11752979266,95400
11752979267,47700
11752979268,50700
11752979269,95400
11752979270,31800
11839641958,1366200
11847904214,524700
11942529302,14900
12048592353,25600
12057833415,1636500
12057833416,316500
12058008100,51200
12058008102,6400
12058008104,115200
12058076540,172800
12058076543,32400
12058076544,10800
12058076545,140000
12058076546,82800
12058076547,27600
12061960690,2641510
12061960691,5482600
12062015326,1292200
12062015327,1714200
12062041149,396200
12080027722,124600
12080043247,109400
12084320268,216000
12084320270,742600
12138462018,193000
12138462019,211700
12143275358,96600
12144319297,53400
12144319299,33600
12153808127,97300
12231798452,16800
12231798461,16800
12324850101,309400
12380184326,16800
12380193457,16800
12380231111,89600
12380231112,25600
12380231113,38400
12382833885,1520600
12382860657,770700
12382870612,1551200
12382873952,333100
12382896211,1022900
12382899742,1582500
12382902030,620900
12382904362,179100
12428101018,159000
12448041273,2540700
12448155360,358000
12448155363,397500
12448204754,753700
12448204756,724500
12449534740,360000
12449534742,253500
12451063267,211800
12451063268,79500
12451063269,545700
12451063270,79500
12547602636,35400
12610748653,139400
12610833531,83400
12617110171,17900
12617110172,17900
12617110189,15900
12617110191,17900
12617110192,15900
12617110196,35800
12617110198,17900
12617110210,15900
12617110214,15900
12628761691,59400
12628761692,19800
12628761694,9900
12628761696,39600
12628761697,19800
12628761699,9900
12628761700,9900
12628779320,49500
12628779321,29700
12628842872,29700
12628842874,59400
12628842875,9900
12639838397,56000
12643407497,24000
12643618074,255810
12643777901,12000
12643946232,44000
12643967982,37500
12643987022,22500
12644526515,12000
12644628812,22000
12700410447,529010
12700421794,65600
12844557490,15900
12844557491,15900
12849503504,952100
12849503505,416500
12849503507,319000
12849503508,390600
12849503509,23700
12849621704,47700
12849684260,66600
12849684261,15900
12849684262,34800
12849684264,15900
13048846308,240200
13048846309,36800
13048846310,127400
13048951373,137000
13048951374,61700
13048951375,76000
13048951377,25800
13048951378,51600
13048951379,25800
13063860235,38700
13063860238,25800
13063860239,25800
13063860245,12900
13063860248,12900
13063860249,68500
13063914715,36800
13063944556,16900
13063944559,84500
13063944560,50700
13063944562,118300
13063944563,50700
13063944564,87500
13063944565,16900
13063944566,33800
13063944567,16900
13063944570,16900
13063944571,33800
13063944573,67600
13079412811,70600
13079412815,16900
13156013300,8924000
13156013301,2471900
13156013303,3851000
13346522238,8900
13346522239,26700
13346532817,9700
13346532819,9700
13346538144,14700
13346795945,30000
13346795946,15000
13346795947,15000
13346795948,15000
13346795950,15000
13346795953,15000
13346972745,30000
13346972746,15000
13346972747,30000
13346972748,30000
13346972750,15000
13346972751,15000
13346972754,45000
13346972760,15000
13346972762,15000
13346972764,30000
13347128586,8900
13347128590,8900
13347448471,17800
13347448473,8900
13347454852,45800
13347470803,8700
13347615402,98000
13347615403,19600
13347615404,35600
13347615405,71200
13347662625,39200
13348056067,63600
13348056069,95400
13348056070,111300
13348056071,63600
13348056072,47700
13348056074,254400
13348056075,31800
13348056076,95400
13348056077,238500
13348056078,47700
13348056079,95400
13348056080,79500
13348056081,31800
13348056082,95400
13348056085,95400
13348056086,31800
13348056087,47700
13348056088,31800
13348056089,15900
13348056091,15900
13348056092,15900
13348056093,31800
13348056095,47700
13348056097,47700
13348056098,15900
13348056099,15900
13348056100,31800
13359085591,15900
13359085592,79500
13359085593,15900
13359085595,47700
13359085596,79500
13359085597,79500
13359085598,79500
13359110489,782100
13359137316,31800
13359137319,15900
13359137322,79500
13365319468,270300
13563480014,1012000
13661073009,1347640
13661073010,6002690
13661073011,706420
13676281943,34800
13684462601,466440
13684462602,193200
13684462603,166400
13687558206,2419800
13687558207,238200
13687558208,113400
13702258112,20800
2402007467,918000
3207327235,15900
3422606249,17900
3529106282,17900
3574715648,9800
380396890,174900
380397804,7700700
4986857858,238500
5049807951,15900
5059485195,8900
5129534484,15900
5129555014,101400
5129833043,47700
5129833882,15900
5471733585,486000
5786510729,2166710
5786511512,3787100
5849693263,205500
5949677527,173310
6152124968,47700
6204580688,2312200
6286582527,238500
6286591735,431300
6286593796,79500
6290296347,79500
6290298710,318000
6325814520,35800
6325815144,49700
6418990211,7634300
6818043939,15900
6818086076,16100
6818113090,79500
6818140640,26700
6818287511,210200
6818291037,257200
6821566017,30000
6891081964,53400
7029691798,53400
7053845786,1783100
7119767278,40800
7119777823,18900
7264138096,17800
7276789393,81500
7278167361,12900
7278685548,31800
7284455837,51700
7285387194,35800
8015710525,12900
8024066255,81500
8024072628,1758700
8024076513,1490400
8045761435,17900
8171818613,33500
8171867174,160000
8171971713,72000
8303831137,17900
8595881112,86600
8777091875,1117500
8795812978,7600
8927879889,3637900
8927994785,8800
8928008121,32700
9205714557,9900
9475735135,134000
9506336785,47700
9590260821,75600
9608153706,47700
9608407073,108000
9645476434,3461400
9645494346,1656400
9775886091,1191200
9795566687,33800
9795609550,1203200
9795653260,1200300
9795675856,3348200
9795815284,1280100
9795928665,15900
9809406811,39600
9809961495,51600
9810269528,12900
9810289669,25800
9810298872,25800
9810354143,121300
9810366346,67600
9810376975,16900
9823936023,111300
9823967466,143100
9824365193,254400
9824381532,279300
9834372042,206700
9834411862,15900
9834417376,17900
9911357860,34800
