layer,variant,bin3,sum_ad_profit,sum_cost,sum_conv_amt,n,roas,ad_profit_per_row,window
L2_WEB_SITE_keyword,base,<2.5,9488684.279368786,28896418.0,65676910.0,502027,2.2728391456685046,18.900744938755857,"355d(=2025-07-22~2026-08-09, 성숙컷 적용, L1과 동일 실측 — 확인됨)"
L2_WEB_SITE_keyword,base,"[2.5,4)",1948749.619520747,9676791.0,19891300.0,188225,2.055567801350675,10.353298549718406,"355d(=2025-07-22~2026-08-09, 성숙컷 적용, L1과 동일 실측 — 확인됨)"
L2_WEB_SITE_keyword,base,>=4,48014.81239041474,2618496.0,4562400.0,118001,1.7423742484235225,0.40690174142943486,"355d(=2025-07-22~2026-08-09, 성숙컷 적용, L1과 동일 실측 — 확인됨)"
L2_WEB_SITE_keyword,shift_-0.25,<2.5,9215134.559322031,27233679.0,62363920.0,488086,2.289955756620323,18.8801452189205,"355d(=2025-07-22~2026-08-09, 성숙컷 적용, L1과 동일 실측 — 확인됨)"
L2_WEB_SITE_keyword,shift_-0.25,"[2.5,4)",2183211.0058445344,10512879.0,21723010.0,194865,2.066323601746011,11.203710290942624,"355d(=2025-07-22~2026-08-09, 성숙컷 적용, L1과 동일 실측 — 확인됨)"
L2_WEB_SITE_keyword,shift_-0.25,>=4,87103.14611338369,3445147.0,6043680.0,125302,1.7542589619543085,0.695145696903351,"355d(=2025-07-22~2026-08-09, 성숙컷 적용, L1과 동일 실측 — 확인됨)"
L2_WEB_SITE_keyword,shift_+0.25,<2.5,9719894.690824077,30865944.0,69442370.0,529414,2.2498054814069515,18.359723563834876,"355d(=2025-07-22~2026-08-09, 성숙컷 적용, L1과 동일 실측 — 확인됨)"
L2_WEB_SITE_keyword,shift_+0.25,"[2.5,4)",2053384.7527761534,8715008.0,18424720.0,218003,2.1141369003906822,9.419066493470977,"355d(=2025-07-22~2026-08-09, 성숙컷 적용, L1과 동일 실측 — 확인됨)"
L2_WEB_SITE_keyword,shift_+0.25,>=4,-287830.73232028063,1610753.0,2263520.0,60836,1.4052558027208393,-4.73125669538235,"355d(=2025-07-22~2026-08-09, 성숙컷 적용, L1과 동일 실측 — 확인됨)"
L2_WEB_SITE_keyword,group_weighted(그룹별 평균 후 집계),<2.5,5049.236098367606,13192.219489712257,31211.130511204647,286,2.365874107502847,17.654671672614008,"355d(=2025-07-22~2026-08-09, 성숙컷 적용, L1과 동일 실측 — 확인됨)"
L2_WEB_SITE_keyword,group_weighted(그룹별 평균 후 집계),"[2.5,4)",-1166.3191416900418,8838.344233350548,13126.834931831127,156,1.4852142647146982,-7.476404754423345,"355d(=2025-07-22~2026-08-09, 성숙컷 적용, L1과 동일 실측 — 확인됨)"
L2_WEB_SITE_keyword,group_weighted(그룹별 평균 후 집계),>=4,-1048.9238555386667,1819.8762277046744,1319.0995087760393,44,0.7248292431621893,-23.839178534969697,"355d(=2025-07-22~2026-08-09, 성숙컷 적용, L1과 동일 실측 — 확인됨)"
L3_SHOPPING_searchterm,base,<2.5,-1259142.7165400358,8554508.0,12482370.0,136847,1.4591569731421141,-9.201098427733424,"37d(=2026-07-04~2026-08-09, 성숙컷 적용, L3 자체 커버리지)"
L3_SHOPPING_searchterm,base,"[2.5,4)",-845895.1718293399,4914849.0,6961980.0,62073,1.4165196123014157,-13.627425319049182,"37d(=2026-07-04~2026-08-09, 성숙컷 적용, L3 자체 커버리지)"
L3_SHOPPING_searchterm,base,>=4,-918103.7738164819,5189787.0,7308850.0,162827,1.4083140599026511,-5.638522934258335,"37d(=2026-07-04~2026-08-09, 성숙컷 적용, L3 자체 커버리지)"
L3_SHOPPING_searchterm,shift_-0.25,<2.5,-1153811.2255990654,7880737.0,11509770.0,134095,1.4604941136850524,-8.604431377747607,"37d(=2026-07-04~2026-08-09, 성숙컷 적용, L3 자체 커버리지)"
L3_SHOPPING_searchterm,shift_-0.25,"[2.5,4)",-872857.3606078321,5151104.0,7320080.0,63763,1.4210701239967198,-13.689088665963522,"37d(=2026-07-04~2026-08-09, 성숙컷 적용, L3 자체 커버리지)"
L3_SHOPPING_searchterm,shift_-0.25,>=4,-996473.07597896,5627303.0,7923350.0,163889,1.4080190812543771,-6.080170578739025,"37d(=2026-07-04~2026-08-09, 성숙컷 적용, L3 자체 커버리지)"
L3_SHOPPING_searchterm,shift_+0.25,<2.5,-1432232.5727644658,9365412.0,13573670.0,142892,1.4493404027500338,-10.023182352857164,"37d(=2026-07-04~2026-08-09, 성숙컷 적용, L3 자체 커버리지)"
L3_SHOPPING_searchterm,shift_+0.25,"[2.5,4)",-725436.1367621277,5010930.0,7332480.0,79262,1.4632972322503008,-9.152382437512651,"37d(=2026-07-04~2026-08-09, 성숙컷 적용, L3 자체 커버리지)"
L3_SHOPPING_searchterm,shift_+0.25,>=4,-865472.9526592639,4282802.0,5847050.0,139593,1.3652393923417425,-6.1999738716072,"37d(=2026-07-04~2026-08-09, 성숙컷 적용, L3 자체 커버리지)"
L3_SHOPPING_searchterm,group_weighted(그룹별 평균 후 집계),<2.5,-49.695483887867695,665.671926929039,1053.935694043444,5,1.5832659473948256,-9.939096777573539,"37d(=2026-07-04~2026-08-09, 성숙컷 적용, L3 자체 커버리지)"
L3_SHOPPING_searchterm,group_weighted(그룹별 평균 후 집계),"[2.5,4)",-416.7375862296587,1203.2397139275288,1345.7051404910558,21,1.1184015328903179,-19.844646963317082,"37d(=2026-07-04~2026-08-09, 성숙컷 적용, L3 자체 커버리지)"
L3_SHOPPING_searchterm,group_weighted(그룹별 평균 후 집계),>=4,-254.8556009606507,5266.414788473524,8574.777769834525,202,1.628200229993645,-1.2616613908943104,"37d(=2026-07-04~2026-08-09, 성숙컷 적용, L3 자체 커버리지)"
"L1_WEB_SITE_group(ref, 다른SA소유 아님-내부계산)",base,<2.5,13416727.05376972,33795301.0,80779780.0,39256,2.3902666231616045,341.775194970698,"355d(=2025-07-22~2026-08-09, 성숙컷 적용, L2와 동일 실측 — 확인됨)"
"L1_WEB_SITE_group(ref, 다른SA소유 아님-내부계산)",base,"[2.5,4)",4888802.146697836,17932057.0,39046490.0,23177,2.1774685413948887,210.9333454156205,"355d(=2025-07-22~2026-08-09, 성숙컷 적용, L2와 동일 실측 — 확인됨)"
"L1_WEB_SITE_group(ref, 다른SA소유 아님-내부계산)",base,>=4,367360.18994739885,3520565.0,6652240.0,5409,1.8895376168313893,67.91647068726176,"355d(=2025-07-22~2026-08-09, 성숙컷 적용, L2와 동일 실측 — 확인됨)"
"L1_SHOPPING_group(ref, 내부계산)",base,<2.5,3365390.526592634,28391319.0,54335730.0,3182,1.9138149234982706,1057.63372928744,"355d(=2025-07-22~2026-08-09, 성숙컷 적용, 전체창 — L3와 창이 다름, 참고용)"
"L1_SHOPPING_group(ref, 내부계산)",base,"[2.5,4)",7156224.925189941,69451823.0,131076370.0,12782,1.8872992001952202,559.8673857917338,"355d(=2025-07-22~2026-08-09, 성숙컷 적용, 전체창 — L3와 창이 다름, 참고용)"
"L1_SHOPPING_group(ref, 내부계산)",base,>=4,9496891.360023372,70336253.0,136594510.0,48519,1.9420214210159874,195.73551309844333,"355d(=2025-07-22~2026-08-09, 성숙컷 적용, 전체창 — L3와 창이 다름, 참고용)"
"L1_SHOPPING_group(ref, 내부계산, 44d_common)",base,<2.5,-814093.4260666278,3158132.0,4010650.0,284,1.2699437515594663,-2866.526148121929,"37d(=2026-07-04~2026-08-09, 성숙컷 적용, L3와 정확히 같은 창(공통창 대조용))"
"L1_SHOPPING_group(ref, 내부계산, 44d_common)",base,"[2.5,4)",205862.10870835703,8075412.0,14169260.0,1371,1.7546175972198075,150.15471094701462,"37d(=2026-07-04~2026-08-09, 성숙컷 적용, L3와 정확히 같은 창(공통창 대조용))"
"L1_SHOPPING_group(ref, 내부계산, 44d_common)",base,>=4,615620.7334891869,8078675.0,14875940.0,6019,1.841383642738444,102.27957027565823,"37d(=2026-07-04~2026-08-09, 성숙컷 적용, L3와 정확히 같은 창(공통창 대조용))"
